season,sport_id,game_datetime,game_id,team_id,player_id,player_jersey_number,player_full_name,player_positions,batting_G,batting_GS,batting_R,batting_AB,batting_H,batting_2B,batting_3B,batting_TB,batting_HR,batting_RBI,batting_BB,batting_HBP,batting_SF,batting_SH,batting_SO,batting_OPP_DP,batting_CS,batting_PK,batting_SB,batting_IBB,batting_KL,pitching_GP,pitching_GS,pitching_IP,pitching_IP_str,pitching_H,pitching_R,pitching_ER,pitching_BB,pitching_SO,pitching_BF,pitching_2B,pitching_3B,pitching_BK,pitching_HR,pitching_WP,pitching_HBP,pitching_IBB,pitching_IR,pitching_IRS,pitching_SH,pitching_SF,pitching_KL,pitching_TUER,pitching_PK,pitching_order_appeared,fielding_G,fielding_GS,fielding_PO,fielding_A,fielding_TC,fielding_E,fielding_CI,fielding_PB,fielding_SBA,fielding_CSB,fielding_IDP,fielding_TP,fielding_SBA%,stadium_name,attendance,away_team_id,home_team_id,away_team_name,home_team_name
2026,MBA,2026-04-08T17:00:00-04:00,6492071,615416,9702543,1,Alex Ames,CF,1,1,0,3,1,0,0,1,0,0,0,0,0,0,1,0,0,0,1,0,1,0,0,0.0,0,0,0,0,0,0,0,0,0,0,0,0,0,0,0,0,0,0,0,0,0,0,1,1,0,0,0,0,0,0,0,0,0,0,0.0,"MSOE Raider Stadium (Milwaukee, WI)",89,615416,615479,Concordia Wisconsin Falcons,MSOE Raiders
2026,MBA,2026-04-08T17:00:00-04:00,6492071,615479,9685724,1,Charlie Claas,3B,1,1,1,4,1,0,0,1,0,0,1,0,0,0,1,0,0,0,0,0,0,0,0,0.0,0,0,0,0,0,0,0,0,0,0,0,0,0,0,0,0,0,0,0,0,0,0,1,1,0,2,2,0,0,0,0,0,1,0,0.0,"MSOE Raider Stadium (Milwaukee, WI)",89,615416,615479,Concordia Wisconsin Falcons,MSOE Raiders
2026,MBA,2026-04-08T17:00:00-04:00,6492071,615416,11228041,10,Jack Anzelmo,RF,1,1,0,3,0,0,0,0,0,0,1,0,0,0,1,1,0,0,0,0,0,0,0,0.0,0,0,0,0,0,0,0,0,0,0,0,0,0,0,0,0,0,0,0,0,0,0,1,1,3,1,4,0,0,0,0,0,0,0,0.0,"MSOE Raider Stadium (Milwaukee, WI)",89,615416,615479,Concordia Wisconsin Falcons,MSOE Raiders
2026,MBA,2026-04-08T17:00:00-04:00,6492071,615479,9698905,11,Aagam Shah,P,0,0,0,0,0,0,0,0,0,0,0,0,0,0,0,0,0,0,0,0,0,1,1,4.0,4.0,3,3,1,0,2,17,0,0,0,1,0,1,0,0,0,0,1,1,0,0,1,0,0,0,0,0,0,0,0,0,0,0,0,0.0,"MSOE Raider Stadium (Milwaukee, WI)",89,615416,615479,Concordia Wisconsin Falcons,MSOE Raiders
2026,MBA,2026-04-08T17:00:00-04:00,6492071,615416,11228043,11,Cameron Bueno,SS,1,1,0,2,0,0,0,0,0,1,0,0,1,0,1,0,0,0,0,0,0,0,0,0.0,0,0,0,0,0,0,0,0,0,0,0,0,0,0,0,0,0,0,0,0,0,0,1,1,1,1,3,1,0,0,0,0,0,0,0.0,"MSOE Raider Stadium (Milwaukee, WI)",89,615416,615479,Concordia Wisconsin Falcons,MSOE Raiders
2026,MBA,2026-04-08T17:00:00-04:00,6492071,615479,11234323,12,Graiden Liethen,P,0,0,0,0,0,0,0,0,0,0,0,0,0,0,0,0,0,0,0,0,0,1,0,1.0,1.0,0,0,0,1,2,4,0,0,0,0,0,0,0,0,0,0,0,0,0,0,4,0,0,0,0,0,0,0,0,0,0,0,0,0.0,"MSOE Raider Stadium (Milwaukee, WI)",89,615416,615479,Concordia Wisconsin Falcons,MSOE Raiders
2026,MBA,2026-04-08T17:00:00-04:00,6492071,615479,9677374,13,A.J. Le,LF,1,1,1,5,1,0,0,1,0,0,0,0,0,0,1,0,0,0,0,0,0,0,0,0.0,0,0,0,0,0,0,0,0,0,0,0,0,0,0,0,0,0,0,0,0,0,0,1,1,6,0,7,1,0,0,0,0,0,0,0.0,"MSOE Raider Stadium (Milwaukee, WI)",89,615416,615479,Concordia Wisconsin Falcons,MSOE Raiders
2026,MBA,2026-04-08T17:00:00-04:00,6492071,615479,9686956,16,Jayden Hoffman,P,0,0,0,0,0,0,0,0,0,0,0,0,0,0,0,0,0,0,0,0,0,1,0,3.0,3.0,0,0,0,2,3,10,0,0,0,0,0,0,0,0,0,0,0,1,0,0,2,0,0,0,0,0,0,0,0,0,0,0,0,0.0,"MSOE Raider Stadium (Milwaukee, WI)",89,615416,615479,Concordia Wisconsin Falcons,MSOE Raiders
2026,MBA,2026-04-08T17:00:00-04:00,6492071,615416,11228079,16,Russell Roodenburg,P,0,0,0,0,0,0,0,0,0,0,0,0,0,0,0,0,0,0,0,0,0,1,0,3.668,3.2,7,2,2,1,2,18,1,0,0,0,1,0,0,0,0,1,1,1,0,0,2,0,0,0,0,0,0,0,0,0,0,0,0,0.0,"MSOE Raider Stadium (Milwaukee, WI)",89,615416,615479,Concordia Wisconsin Falcons,MSOE Raiders
2026,MBA,2026-04-08T17:00:00-04:00,6492071,615479,11234327,18,Zaidan Eblin,P,0,0,0,0,0,0,0,0,0,0,0,0,0,0,0,0,0,0,0,0,0,1,0,1.0,1.0,0,0,0,0,0,4,0,0,0,0,0,1,0,0,0,0,0,0,0,0,3,0,0,0,0,0,0,0,0,0,0,0,0,0.0,"MSOE Raider Stadium (Milwaukee, WI)",89,615416,615479,Concordia Wisconsin Falcons,MSOE Raiders
2026,MBA,2026-04-08T17:00:00-04:00,6492071,615479,11234328,19,Ben Sullivan,C,1,1,2,5,3,0,0,3,0,0,0,0,0,0,1,0,0,0,0,0,1,0,0,0.0,0,0,0,0,0,0,0,0,0,0,0,0,0,0,0,0,0,0,0,0,0,0,1,1,5,0,5,0,0,0,1,0,0,0,1.0,"MSOE Raider Stadium (Milwaukee, WI)",89,615416,615479,Concordia Wisconsin Falcons,MSOE Raiders
2026,MBA,2026-04-08T17:00:00-04:00,6492071,615479,9684676,20,Christian Bosque,2B,1,1,2,2,0,0,0,0,0,0,1,0,0,0,0,0,0,0,0,0,0,0,0,0.0,0,0,0,0,0,0,0,0,0,0,0,0,0,0,0,0,0,0,0,0,0,0,1,1,0,1,1,0,0,0,0,0,0,0,0.0,"MSOE Raider Stadium (Milwaukee, WI)",89,615416,615479,Concordia Wisconsin Falcons,MSOE Raiders
2026,MBA,2026-04-08T17:00:00-04:00,6492071,615479,9695826,23,JJ Jackson,2B,1,0,0,2,0,0,0,0,0,0,0,0,0,0,1,0,0,0,0,0,1,0,0,0.0,0,0,0,0,0,0,0,0,0,0,0,0,0,0,0,0,0,0,0,0,0,0,1,0,3,1,4,0,0,0,0,0,1,0,0.0,"MSOE Raider Stadium (Milwaukee, WI)",89,615416,615479,Concordia Wisconsin Falcons,MSOE Raiders
2026,MBA,2026-04-08T17:00:00-04:00,6492071,615479,9704027,25,J. Franks,CF,1,1,2,3,1,1,0,2,0,0,2,0,0,0,0,0,0,0,1,0,0,0,0,0.0,0,0,0,0,0,0,0,0,0,0,0,0,0,0,0,0,0,0,0,0,0,0,1,1,2,0,2,0,0,0,0,0,0,0,0.0,"MSOE Raider Stadium (Milwaukee, WI)",89,615416,615479,Concordia Wisconsin Falcons,MSOE Raiders
2026,MBA,2026-04-08T17:00:00-04:00,6492071,615479,11234331,27,Teo Greco,SS,1,1,0,4,2,0,0,2,0,1,0,0,0,0,0,0,0,0,0,0,0,0,0,0.0,0,0,0,0,0,0,0,0,0,0,0,0,0,0,0,0,0,0,0,0,0,0,1,1,0,2,3,1,0,0,0,0,0,0,0.0,"MSOE Raider Stadium (Milwaukee, WI)",89,615416,615479,Concordia Wisconsin Falcons,MSOE Raiders
2026,MBA,2026-04-08T17:00:00-04:00,6492071,615416,11228064,29,Jackson Kobylarczyk,P,0,0,0,0,0,0,0,0,0,0,0,0,0,0,0,0,0,0,0,0,0,1,0,2.332,2.1,3,1,0,0,3,12,0,0,0,0,0,0,0,0,0,0,0,1,0,0,3,0,0,0,0,0,0,0,0,0,0,0,0,0.0,"MSOE Raider Stadium (Milwaukee, WI)",89,615416,615479,Concordia Wisconsin Falcons,MSOE Raiders
2026,MBA,2026-04-08T17:00:00-04:00,6492071,615416,11228073,3,Brandon McCray,2B,1,1,0,3,0,0,0,0,0,0,0,0,0,0,0,0,0,0,0,0,0,0,0,0.0,0,0,0,0,0,0,0,0,0,0,0,0,0,0,0,0,0,0,0,0,0,0,1,1,3,5,9,1,0,0,0,0,0,0,0.0,"MSOE Raider Stadium (Milwaukee, WI)",89,615416,615479,Concordia Wisconsin Falcons,MSOE Raiders
2026,MBA,2026-04-08T17:00:00-04:00,6492071,615416,11228100,30,Mick Vagner,LF/CF,1,1,0,4,0,0,0,0,0,0,0,0,0,0,1,0,0,0,0,0,1,0,0,0.0,0,0,0,0,0,0,0,0,0,0,0,0,0,0,0,0,0,0,0,0,0,0,1,1,1,0,1,0,0,0,0,0,0,0,0.0,"MSOE Raider Stadium (Milwaukee, WI)",89,615416,615479,Concordia Wisconsin Falcons,MSOE Raiders
2026,MBA,2026-04-08T17:00:00-04:00,6492071,615479,9703749,33,C. Hoier,1B,1,1,1,3,3,1,0,4,0,2,1,0,1,0,0,0,1,0,0,0,0,0,0,0.0,0,0,0,0,0,0,0,0,0,0,0,0,0,0,0,0,0,0,0,0,0,0,1,1,7,0,7,0,0,0,0,0,1,0,0.0,"MSOE Raider Stadium (Milwaukee, WI)",89,615416,615479,Concordia Wisconsin Falcons,MSOE Raiders
2026,MBA,2026-04-08T17:00:00-04:00,6492071,615416,9692843,34,Tyler Murray,PH,1,0,0,1,0,0,0,0,0,0,0,0,0,0,0,0,0,0,0,0,0,0,0,0.0,0,0,0,0,0,0,0,0,0,0,0,0,0,0,0,0,0,0,0,0,0,0,1,0,0,0,0,0,0,0,0,0,0,0,0.0,"MSOE Raider Stadium (Milwaukee, WI)",89,615416,615479,Concordia Wisconsin Falcons,MSOE Raiders
2026,MBA,2026-04-08T17:00:00-04:00,6492071,615416,9677435,35,Graham Kasten,1B,1,1,2,3,1,0,0,4,1,1,1,0,0,0,1,0,0,0,0,0,0,0,0,0.0,0,0,0,0,0,0,0,0,0,0,0,0,0,0,0,0,0,0,0,0,0,0,1,1,7,1,8,0,0,0,0,0,0,0,0.0,"MSOE Raider Stadium (Milwaukee, WI)",89,615416,615479,Concordia Wisconsin Falcons,MSOE Raiders
2026,MBA,2026-04-08T17:00:00-04:00,6492071,615416,11228076,37,Preston Regnier,P,0,0,0,0,0,0,0,0,0,0,0,0,0,0,0,0,0,0,0,0,0,1,1,2.0,2.0,6,7,4,4,0,14,1,0,0,0,0,0,0,0,0,0,0,0,0,0,1,0,0,0,0,0,0,0,0,0,0,0,0,0.0,"MSOE Raider Stadium (Milwaukee, WI)",89,615416,615479,Concordia Wisconsin Falcons,MSOE Raiders
2026,MBA,2026-04-08T17:00:00-04:00,6492071,615416,9687797,38,Matt Miller,3B,1,1,1,4,1,0,0,1,0,0,0,0,0,0,2,0,0,0,0,0,0,0,0,0.0,0,0,0,0,0,0,0,0,0,0,0,0,0,0,0,0,0,0,0,0,0,0,1,1,0,0,1,1,0,0,0,0,0,0,0.0,"MSOE Raider Stadium (Milwaukee, WI)",89,615416,615479,Concordia Wisconsin Falcons,MSOE Raiders
2026,MBA,2026-04-08T17:00:00-04:00,6492071,615479,9676858,4,Kyle Mayberry,DH,1,1,1,5,2,0,0,2,0,0,0,0,0,0,1,0,0,0,0,0,0,0,0,0.0,0,0,0,0,0,0,0,0,0,0,0,0,0,0,0,0,0,0,0,0,0,0,1,1,0,0,0,0,0,0,0,0,0,0,0.0,"MSOE Raider Stadium (Milwaukee, WI)",89,615416,615479,Concordia Wisconsin Falcons,MSOE Raiders
2026,MBA,2026-04-08T17:00:00-04:00,6492071,615416,9698880,45,Connor Lasch,C,1,1,0,2,0,0,0,0,0,0,1,1,0,0,0,0,0,0,0,0,0,0,0,0.0,0,0,0,0,0,0,0,0,0,0,0,0,0,0,0,0,0,0,0,0,0,0,1,1,8,3,12,1,0,0,2,2,0,0,0.5,"MSOE Raider Stadium (Milwaukee, WI)",89,615416,615479,Concordia Wisconsin Falcons,MSOE Raiders
2026,MBA,2026-04-08T17:00:00-04:00,6492071,615479,11234408,47,Riley Kempf,PR,1,0,0,0,0,0,0,0,0,0,0,0,0,0,0,0,0,0,0,0,0,0,0,0.0,0,0,0,0,0,0,0,0,0,0,0,0,0,0,0,0,0,0,0,0,0,0,1,0,0,0,0,0,0,0,0,0,0,0,0.0,"MSOE Raider Stadium (Milwaukee, WI)",89,615416,615479,Concordia Wisconsin Falcons,MSOE Raiders
2026,MBA,2026-04-08T17:00:00-04:00,6492071,615416,9700220,5,Luke Heinkel,DH,1,1,0,4,0,0,0,0,0,0,0,0,0,0,0,0,0,0,0,0,0,0,0,0.0,0,0,0,0,0,0,0,0,0,0,0,0,0,0,0,0,0,0,0,0,0,0,1,1,0,0,0,0,0,0,0,0,0,0,0.0,"MSOE Raider Stadium (Milwaukee, WI)",89,615416,615479,Concordia Wisconsin Falcons,MSOE Raiders
2026,MBA,2026-04-08T17:00:00-04:00,6492071,615416,9680736,6,Jason Valdez,LF,1,0,0,0,0,0,0,0,0,0,0,1,0,0,0,0,0,0,0,0,0,0,0,0.0,0,0,0,0,0,0,0,0,0,0,0,0,0,0,0,0,0,0,0,0,0,0,1,0,0,0,0,0,0,0,0,0,0,0,0.0,"MSOE Raider Stadium (Milwaukee, WI)",89,615416,615479,Concordia Wisconsin Falcons,MSOE Raiders
2026,MBA,2026-04-08T17:00:00-04:00,6492071,615479,9702499,7,Robert Erickson,C,1,0,0,0,0,0,0,0,0,0,0,0,0,0,0,0,0,0,0,0,0,0,0,0.0,0,0,0,0,0,0,0,0,0,0,0,0,0,0,0,0,0,0,0,0,0,0,1,0,2,0,2,0,0,0,0,0,0,0,0.0,"MSOE Raider Stadium (Milwaukee, WI)",89,615416,615479,Concordia Wisconsin Falcons,MSOE Raiders
2026,MBA,2026-04-08T17:00:00-04:00,6492071,615479,11234307,9,Owen Welch,RF,1,1,0,4,3,0,0,3,0,2,0,0,0,1,0,0,1,0,1,0,0,0,0,0.0,0,0,0,0,0,0,0,0,0,0,0,0,0,0,0,0,0,0,0,0,0,0,1,1,2,0,3,1,0,0,0,0,0,0,0.0,"MSOE Raider Stadium (Milwaukee, WI)",89,615416,615479,Concordia Wisconsin Falcons,MSOE Raiders
