game_id,away_team_id,away_team_name,home_team_id,home_team_name,batting_team,inning,top_bot,event_text,event_num,game_datetime,stadium_name,attendance,sport_id,season
6524271,614763,Army West Point Black Knights,614620,Holy Cross Crusaders,614763,1,top,Chris Barr flied out to cf (0-0).,1,2026-04-06T13:00:00-04:00,"Ballpark at Fitton Field (Worcester, MA)",203,MBA,2026
6524271,614763,Army West Point Black Knights,614620,Holy Cross Crusaders,614763,1,top,Thomas Schreck walked (3-2 BBKBFFB).,2,2026-04-06T13:00:00-04:00,"Ballpark at Fitton Field (Worcester, MA)",203,MBA,2026
6524271,614763,Army West Point Black Knights,614620,Holy Cross Crusaders,614763,1,top,Josiah Overbeek walked (3-2 BKBKFBB)3a Thomas Schreck advanced to second.,3,2026-04-06T13:00:00-04:00,"Ballpark at Fitton Field (Worcester, MA)",203,MBA,2026
6524271,614763,Army West Point Black Knights,614620,Holy Cross Crusaders,614763,1,top,"Jack Quinlan singled to right center, RBI (1-2 KKB)3a Josiah Overbeek advanced to third3a Thomas Schreck scored.",4,2026-04-06T13:00:00-04:00,"Ballpark at Fitton Field (Worcester, MA)",203,MBA,2026
6524271,614763,Army West Point Black Knights,614620,Holy Cross Crusaders,614763,1,top,Addison Ainsworth grounded into double play p to ss to 1b (2-2 KBBSF)3a Jack Quinlan out on the play.,5,2026-04-06T13:00:00-04:00,"Ballpark at Fitton Field (Worcester, MA)",203,MBA,2026
6524271,614763,Army West Point Black Knights,614620,Holy Cross Crusaders,614620,1,bot,CJ Egrie hit by pitch (0-0).,6,2026-04-06T13:00:00-04:00,"Ballpark at Fitton Field (Worcester, MA)",203,MBA,2026
6524271,614763,Army West Point Black Knights,614620,Holy Cross Crusaders,614620,1,bot,"Braden Connors tripled to center field, RBI (2-2 BBFF)3a CJ Egrie scored.",7,2026-04-06T13:00:00-04:00,"Ballpark at Fitton Field (Worcester, MA)",203,MBA,2026
6524271,614763,Army West Point Black Knights,614620,Holy Cross Crusaders,614620,1,bot,"Alex Sandell singled to left field, RBI (0-1 K)3a Braden Connors scored.",8,2026-04-06T13:00:00-04:00,"Ballpark at Fitton Field (Worcester, MA)",203,MBA,2026
6524271,614763,Army West Point Black Knights,614620,Holy Cross Crusaders,614620,1,bot,Ryan Grundy struck out looking (2-2 KBBSK).,9,2026-04-06T13:00:00-04:00,"Ballpark at Fitton Field (Worcester, MA)",203,MBA,2026
6524271,614763,Army West Point Black Knights,614620,Holy Cross Crusaders,614620,1,bot,Simon Landry reached on a fielder's choice (2-2 BFFBF)3a Alex Sandell out at second 2b to ss.,10,2026-04-06T13:00:00-04:00,"Ballpark at Fitton Field (Worcester, MA)",203,MBA,2026
6524271,614763,Army West Point Black Knights,614620,Holy Cross Crusaders,614620,1,bot,Nick Andersen popped up to 3b (0-1 K).,11,2026-04-06T13:00:00-04:00,"Ballpark at Fitton Field (Worcester, MA)",203,MBA,2026
6524271,614763,Army West Point Black Knights,614620,Holy Cross Crusaders,614763,2,top,Carter Hewitt struck out swinging (0-2 KKS).,12,2026-04-06T13:00:00-04:00,"Ballpark at Fitton Field (Worcester, MA)",203,MBA,2026
6524271,614763,Army West Point Black Knights,614620,Holy Cross Crusaders,614763,2,top,Zac Farrell walked (3-1 BBKBB).,13,2026-04-06T13:00:00-04:00,"Ballpark at Fitton Field (Worcester, MA)",203,MBA,2026
6524271,614763,Army West Point Black Knights,614620,Holy Cross Crusaders,614763,2,top,JT Craig grounded out to p (2-2 SFBB)3a Zac Farrell advanced to second.,14,2026-04-06T13:00:00-04:00,"Ballpark at Fitton Field (Worcester, MA)",203,MBA,2026
6524271,614763,Army West Point Black Knights,614620,Holy Cross Crusaders,614763,2,top,David Dubrule flied out to cf (1-0 B).,15,2026-04-06T13:00:00-04:00,"Ballpark at Fitton Field (Worcester, MA)",203,MBA,2026
6524271,614763,Army West Point Black Knights,614620,Holy Cross Crusaders,614620,2,bot,John LaFleur struck out swinging (3-2 BKFBFBS).,16,2026-04-06T13:00:00-04:00,"Ballpark at Fitton Field (Worcester, MA)",203,MBA,2026
6524271,614763,Army West Point Black Knights,614620,Holy Cross Crusaders,614620,2,bot,Colin Brown grounded out to 3b (3-2 BKBKB).,17,2026-04-06T13:00:00-04:00,"Ballpark at Fitton Field (Worcester, MA)",203,MBA,2026
6524271,614763,Army West Point Black Knights,614620,Holy Cross Crusaders,614620,2,bot,Owen Stelzer singled to left field (1-1 BK).,18,2026-04-06T13:00:00-04:00,"Ballpark at Fitton Field (Worcester, MA)",203,MBA,2026
6524271,614763,Army West Point Black Knights,614620,Holy Cross Crusaders,614620,2,bot,CJ Egrie reached on a fielder's choice (1-1 KB)3a Owen Stelzer out at second ss to 2b.,19,2026-04-06T13:00:00-04:00,"Ballpark at Fitton Field (Worcester, MA)",203,MBA,2026
6524271,614763,Army West Point Black Knights,614620,Holy Cross Crusaders,614763,3,top,Chris Barr struck out looking (0-2 KFK).,20,2026-04-06T13:00:00-04:00,"Ballpark at Fitton Field (Worcester, MA)",203,MBA,2026
6524271,614763,Army West Point Black Knights,614620,Holy Cross Crusaders,614763,3,top,Thomas Schreck struck out swinging (2-2 BBKFS).,21,2026-04-06T13:00:00-04:00,"Ballpark at Fitton Field (Worcester, MA)",203,MBA,2026
6524271,614763,Army West Point Black Knights,614620,Holy Cross Crusaders,614763,3,top,Josiah Overbeek flied out to rf (0-2 KK).,22,2026-04-06T13:00:00-04:00,"Ballpark at Fitton Field (Worcester, MA)",203,MBA,2026
6524271,614763,Army West Point Black Knights,614620,Holy Cross Crusaders,614620,3,bot,Braden Connors hit by pitch (0-0).,23,2026-04-06T13:00:00-04:00,"Ballpark at Fitton Field (Worcester, MA)",203,MBA,2026
6524271,614763,Army West Point Black Knights,614620,Holy Cross Crusaders,614620,3,bot,Alex Sandell singled down the lf line (2-1 BBK)3a Braden Connors advanced to second.,24,2026-04-06T13:00:00-04:00,"Ballpark at Fitton Field (Worcester, MA)",203,MBA,2026
6524271,614763,Army West Point Black Knights,614620,Holy Cross Crusaders,614620,3,bot,"Ryan Grundy singled to right field, RBI (0-1 K)3a Alex Sandell advanced to third3a Braden Connors scored.",25,2026-04-06T13:00:00-04:00,"Ballpark at Fitton Field (Worcester, MA)",203,MBA,2026
6524271,614763,Army West Point Black Knights,614620,Holy Cross Crusaders,614620,3,bot,"Simon Landry grounded out to 3b, RBI (2-2 BKKB)3a Ryan Grundy advanced to second3a Alex Sandell scored.",26,2026-04-06T13:00:00-04:00,"Ballpark at Fitton Field (Worcester, MA)",203,MBA,2026
6524271,614763,Army West Point Black Knights,614620,Holy Cross Crusaders,614620,3,bot,"Nick Andersen singled to left field, advanced to third on an error by lf, RBI (2-2 KBFBF)3a Ryan Grundy scored.",27,2026-04-06T13:00:00-04:00,"Ballpark at Fitton Field (Worcester, MA)",203,MBA,2026
6524271,614763,Army West Point Black Knights,614620,Holy Cross Crusaders,614620,3,bot,John LaFleur struck out swinging (0-2 KSS).,28,2026-04-06T13:00:00-04:00,"Ballpark at Fitton Field (Worcester, MA)",203,MBA,2026
6524271,614763,Army West Point Black Knights,614620,Holy Cross Crusaders,614620,3,bot,Colin Brown popped up to 2b (2-2 BKFFFFB).,29,2026-04-06T13:00:00-04:00,"Ballpark at Fitton Field (Worcester, MA)",203,MBA,2026
6524271,614763,Army West Point Black Knights,614620,Holy Cross Crusaders,614763,4,top,Jack Quinlan struck out swinging (3-2 FFBBBS).,30,2026-04-06T13:00:00-04:00,"Ballpark at Fitton Field (Worcester, MA)",203,MBA,2026
6524271,614763,Army West Point Black Knights,614620,Holy Cross Crusaders,614763,4,top,Addison Ainsworth walked (3-2 KBBKBFFB).,31,2026-04-06T13:00:00-04:00,"Ballpark at Fitton Field (Worcester, MA)",203,MBA,2026
6524271,614763,Army West Point Black Knights,614620,Holy Cross Crusaders,614763,4,top,Carter Hewitt popped up to 2b (3-1 BFBB).,32,2026-04-06T13:00:00-04:00,"Ballpark at Fitton Field (Worcester, MA)",203,MBA,2026
6524271,614763,Army West Point Black Knights,614620,Holy Cross Crusaders,614763,4,top,Zac Farrell struck out swinging (0-2 FFS).,33,2026-04-06T13:00:00-04:00,"Ballpark at Fitton Field (Worcester, MA)",203,MBA,2026
6524271,614763,Army West Point Black Knights,614620,Holy Cross Crusaders,614620,4,bot,Anthony Ramirez to p for Trey Ates.,34,2026-04-06T13:00:00-04:00,"Ballpark at Fitton Field (Worcester, MA)",203,MBA,2026
6524271,614763,Army West Point Black Knights,614620,Holy Cross Crusaders,614620,4,bot,Owen Stelzer walked (3-2 BKBSFBB).,35,2026-04-06T13:00:00-04:00,"Ballpark at Fitton Field (Worcester, MA)",203,MBA,2026
6524271,614763,Army West Point Black Knights,614620,Holy Cross Crusaders,614620,4,bot,CJ Egrie lined out to rf (0-1 K).,36,2026-04-06T13:00:00-04:00,"Ballpark at Fitton Field (Worcester, MA)",203,MBA,2026
6524271,614763,Army West Point Black Knights,614620,Holy Cross Crusaders,614620,4,bot,"Braden Connors homered to right field, 2 RBI (1-2 FKFB)3a Owen Stelzer scored.",37,2026-04-06T13:00:00-04:00,"Ballpark at Fitton Field (Worcester, MA)",203,MBA,2026
6524271,614763,Army West Point Black Knights,614620,Holy Cross Crusaders,614620,4,bot,Alex Sandell reached first on an error by 3b (0-0).,38,2026-04-06T13:00:00-04:00,"Ballpark at Fitton Field (Worcester, MA)",203,MBA,2026
6524271,614763,Army West Point Black Knights,614620,Holy Cross Crusaders,614620,4,bot,Ryan Grundy hit by pitch (0-0)3a Alex Sandell advanced to second.,39,2026-04-06T13:00:00-04:00,"Ballpark at Fitton Field (Worcester, MA)",203,MBA,2026
6524271,614763,Army West Point Black Knights,614620,Holy Cross Crusaders,614620,4,bot,Simon Landry struck out swinging (0-2 FKS).,40,2026-04-06T13:00:00-04:00,"Ballpark at Fitton Field (Worcester, MA)",203,MBA,2026
6524271,614763,Army West Point Black Knights,614620,Holy Cross Crusaders,614620,4,bot,Nick Andersen reached on a fielder's choice (2-2 BBKF)3a Ryan Grundy out at second ss to 2b.,41,2026-04-06T13:00:00-04:00,"Ballpark at Fitton Field (Worcester, MA)",203,MBA,2026
6524271,614763,Army West Point Black Knights,614620,Holy Cross Crusaders,614763,5,top,JT Craig struck out swinging (2-2 SBBSS).,42,2026-04-06T13:00:00-04:00,"Ballpark at Fitton Field (Worcester, MA)",203,MBA,2026
6524271,614763,Army West Point Black Knights,614620,Holy Cross Crusaders,614763,5,top,David Dubrule walked (3-2 BBBKFB).,43,2026-04-06T13:00:00-04:00,"Ballpark at Fitton Field (Worcester, MA)",203,MBA,2026
6524271,614763,Army West Point Black Knights,614620,Holy Cross Crusaders,614763,5,top,Chris Barr fouled out to rf (2-2 FBBSF).,44,2026-04-06T13:00:00-04:00,"Ballpark at Fitton Field (Worcester, MA)",203,MBA,2026
6524271,614763,Army West Point Black Knights,614620,Holy Cross Crusaders,614763,5,top,Thomas Schreck walked (3-1 BBSBB)3a David Dubrule advanced to second.,45,2026-04-06T13:00:00-04:00,"Ballpark at Fitton Field (Worcester, MA)",203,MBA,2026
6524271,614763,Army West Point Black Knights,614620,Holy Cross Crusaders,614763,5,top,Josiah Overbeek walked (3-1 KBBBB)3a Thomas Schreck advanced to second3a David Dubrule advanced to third.,46,2026-04-06T13:00:00-04:00,"Ballpark at Fitton Field (Worcester, MA)",203,MBA,2026
6524271,614763,Army West Point Black Knights,614620,Holy Cross Crusaders,614763,5,top,Nick Harnisch to p for Derek Volz.,47,2026-04-06T13:00:00-04:00,"Ballpark at Fitton Field (Worcester, MA)",203,MBA,2026
6524271,614763,Army West Point Black Knights,614620,Holy Cross Crusaders,614763,5,top,Jack Quinlan struck out looking (1-2 KBSFK).,48,2026-04-06T13:00:00-04:00,"Ballpark at Fitton Field (Worcester, MA)",203,MBA,2026
6524271,614763,Army West Point Black Knights,614620,Holy Cross Crusaders,614620,5,bot,Michael Delph to p for Anthony Ramirez.,49,2026-04-06T13:00:00-04:00,"Ballpark at Fitton Field (Worcester, MA)",203,MBA,2026
6524271,614763,Army West Point Black Knights,614620,Holy Cross Crusaders,614620,5,bot,John LaFleur struck out looking (2-2 BFBFK).,50,2026-04-06T13:00:00-04:00,"Ballpark at Fitton Field (Worcester, MA)",203,MBA,2026
6524271,614763,Army West Point Black Knights,614620,Holy Cross Crusaders,614620,5,bot,Colin Brown hit by pitch (1-1 BF).,51,2026-04-06T13:00:00-04:00,"Ballpark at Fitton Field (Worcester, MA)",203,MBA,2026
6524271,614763,Army West Point Black Knights,614620,Holy Cross Crusaders,614620,5,bot,Owen Stelzer walked (3-1 KBBBB)3a Colin Brown advanced to second.,52,2026-04-06T13:00:00-04:00,"Ballpark at Fitton Field (Worcester, MA)",203,MBA,2026
6524271,614763,Army West Point Black Knights,614620,Holy Cross Crusaders,614620,5,bot,CJ Egrie struck out looking (3-2 BBSSBK).,53,2026-04-06T13:00:00-04:00,"Ballpark at Fitton Field (Worcester, MA)",203,MBA,2026
6524271,614763,Army West Point Black Knights,614620,Holy Cross Crusaders,614620,5,bot,Braden Connors reached on a fielder's choice (2-1 SBB)3a Owen Stelzer out at second 2b to ss.,54,2026-04-06T13:00:00-04:00,"Ballpark at Fitton Field (Worcester, MA)",203,MBA,2026
6524271,614763,Army West Point Black Knights,614620,Holy Cross Crusaders,614763,6,top,Addison Ainsworth struck out swinging (2-2 BFFBS).,55,2026-04-06T13:00:00-04:00,"Ballpark at Fitton Field (Worcester, MA)",203,MBA,2026
6524271,614763,Army West Point Black Knights,614620,Holy Cross Crusaders,614763,6,top,Carter Hewitt flied out to rf (0-1 K).,56,2026-04-06T13:00:00-04:00,"Ballpark at Fitton Field (Worcester, MA)",203,MBA,2026
6524271,614763,Army West Point Black Knights,614620,Holy Cross Crusaders,614763,6,top,Zac Farrell struck out swinging (2-2 BKFBS).,57,2026-04-06T13:00:00-04:00,"Ballpark at Fitton Field (Worcester, MA)",203,MBA,2026
6524271,614763,Army West Point Black Knights,614620,Holy Cross Crusaders,614620,6,bot,Alex Sandell walked (3-2 BBBKFFB).,58,2026-04-06T13:00:00-04:00,"Ballpark at Fitton Field (Worcester, MA)",203,MBA,2026
6524271,614763,Army West Point Black Knights,614620,Holy Cross Crusaders,614620,6,bot,Ryan Grundy singled to right field (0-2 SS)3a Alex Sandell advanced to second.,59,2026-04-06T13:00:00-04:00,"Ballpark at Fitton Field (Worcester, MA)",203,MBA,2026
6524271,614763,Army West Point Black Knights,614620,Holy Cross Crusaders,614620,6,bot,Simon Landry flied out to lf (0-1 K).,60,2026-04-06T13:00:00-04:00,"Ballpark at Fitton Field (Worcester, MA)",203,MBA,2026
6524271,614763,Army West Point Black Knights,614620,Holy Cross Crusaders,614620,6,bot,Ryan Grundy stole second3a Alex Sandell stole third.,61,2026-04-06T13:00:00-04:00,"Ballpark at Fitton Field (Worcester, MA)",203,MBA,2026
6524271,614763,Army West Point Black Knights,614620,Holy Cross Crusaders,614620,6,bot,Nick Andersen struck out looking (2-2 KBFBK).,62,2026-04-06T13:00:00-04:00,"Ballpark at Fitton Field (Worcester, MA)",203,MBA,2026
6524271,614763,Army West Point Black Knights,614620,Holy Cross Crusaders,614620,6,bot,"John LaFleur homered to right field, 3 RBI (3-1 BBKB)3a Ryan Grundy scored3a Alex Sandell scored.",63,2026-04-06T13:00:00-04:00,"Ballpark at Fitton Field (Worcester, MA)",203,MBA,2026
6524271,614763,Army West Point Black Knights,614620,Holy Cross Crusaders,614620,6,bot,Colin Brown hit by pitch (0-0).,64,2026-04-06T13:00:00-04:00,"Ballpark at Fitton Field (Worcester, MA)",203,MBA,2026
6524271,614763,Army West Point Black Knights,614620,Holy Cross Crusaders,614620,6,bot,"Owen Stelzer struck out swinging, grounded out to c unassisted (0-2 SKS).",65,2026-04-06T13:00:00-04:00,"Ballpark at Fitton Field (Worcester, MA)",203,MBA,2026
6524271,614763,Army West Point Black Knights,614620,Holy Cross Crusaders,614763,7,top,Paul Andrzejewski pinch hit for JT Craig.,66,2026-04-06T13:00:00-04:00,"Ballpark at Fitton Field (Worcester, MA)",203,MBA,2026
6524271,614763,Army West Point Black Knights,614620,Holy Cross Crusaders,614763,7,top,Paul Andrzejewski hit by pitch (2-2 BBFS).,67,2026-04-06T13:00:00-04:00,"Ballpark at Fitton Field (Worcester, MA)",203,MBA,2026
6524271,614763,Army West Point Black Knights,614620,Holy Cross Crusaders,614763,7,top,Mason Scott pinch hit for David Dubrule.,68,2026-04-06T13:00:00-04:00,"Ballpark at Fitton Field (Worcester, MA)",203,MBA,2026
6524271,614763,Army West Point Black Knights,614620,Holy Cross Crusaders,614763,7,top,Mason Scott grounded into double play ss to 2b to 1b (0-2 SK)3a Paul Andrzejewski out on the play.,69,2026-04-06T13:00:00-04:00,"Ballpark at Fitton Field (Worcester, MA)",203,MBA,2026
6524271,614763,Army West Point Black Knights,614620,Holy Cross Crusaders,614763,7,top,"Chris Barr struck out looking, grounded out to c unassisted (2-2 KFBBK).",70,2026-04-06T13:00:00-04:00,"Ballpark at Fitton Field (Worcester, MA)",203,MBA,2026
6524271,614763,Army West Point Black Knights,614620,Holy Cross Crusaders,614620,7,bot,Chris Barr to lf.,71,2026-04-06T13:00:00-04:00,"Ballpark at Fitton Field (Worcester, MA)",203,MBA,2026
6524271,614763,Army West Point Black Knights,614620,Holy Cross Crusaders,614620,7,bot,Paul Andrzejewski to 2b.,72,2026-04-06T13:00:00-04:00,"Ballpark at Fitton Field (Worcester, MA)",203,MBA,2026
6524271,614763,Army West Point Black Knights,614620,Holy Cross Crusaders,614620,7,bot,Mason Scott to 3b.,73,2026-04-06T13:00:00-04:00,"Ballpark at Fitton Field (Worcester, MA)",203,MBA,2026
6524271,614763,Army West Point Black Knights,614620,Holy Cross Crusaders,614620,7,bot,Jakob Vanderhave to p for Michael Delph.,74,2026-04-06T13:00:00-04:00,"Ballpark at Fitton Field (Worcester, MA)",203,MBA,2026
6524271,614763,Army West Point Black Knights,614620,Holy Cross Crusaders,614620,7,bot,CJ Egrie grounded out to ss (2-2 BKKBF).,75,2026-04-06T13:00:00-04:00,"Ballpark at Fitton Field (Worcester, MA)",203,MBA,2026
6524271,614763,Army West Point Black Knights,614620,Holy Cross Crusaders,614620,7,bot,Braden Connors grounded out to 2b (0-2 KF).,76,2026-04-06T13:00:00-04:00,"Ballpark at Fitton Field (Worcester, MA)",203,MBA,2026
6524271,614763,Army West Point Black Knights,614620,Holy Cross Crusaders,614620,7,bot,Alex Sandell popped up to 1b (1-1 BK).,77,2026-04-06T13:00:00-04:00,"Ballpark at Fitton Field (Worcester, MA)",203,MBA,2026
6524271,614763,Army West Point Black Knights,614620,Holy Cross Crusaders,614763,8,top,Thomas Skrobe to p for Nick Harnisch.,78,2026-04-06T13:00:00-04:00,"Ballpark at Fitton Field (Worcester, MA)",203,MBA,2026
6524271,614763,Army West Point Black Knights,614620,Holy Cross Crusaders,614763,8,top,"Thomas Schreck struck out swinging, out at first c to 1b (2-2 BFBKS).",79,2026-04-06T13:00:00-04:00,"Ballpark at Fitton Field (Worcester, MA)",203,MBA,2026
6524271,614763,Army West Point Black Knights,614620,Holy Cross Crusaders,614763,8,top,Josiah Overbeek hit by pitch (0-2 KK).,80,2026-04-06T13:00:00-04:00,"Ballpark at Fitton Field (Worcester, MA)",203,MBA,2026
6524271,614763,Army West Point Black Knights,614620,Holy Cross Crusaders,614763,8,top,John McKillop pinch hit for Jack Quinlan.,81,2026-04-06T13:00:00-04:00,"Ballpark at Fitton Field (Worcester, MA)",203,MBA,2026
6524271,614763,Army West Point Black Knights,614620,Holy Cross Crusaders,614763,8,top,John McKillop grounded out to 1b unassisted (2-1 BKB)3a Josiah Overbeek advanced to second.,82,2026-04-06T13:00:00-04:00,"Ballpark at Fitton Field (Worcester, MA)",203,MBA,2026
6524271,614763,Army West Point Black Knights,614620,Holy Cross Crusaders,614763,8,top,Addison Ainsworth flied out to rf (3-2 BBKKFB).,83,2026-04-06T13:00:00-04:00,"Ballpark at Fitton Field (Worcester, MA)",203,MBA,2026
6524271,614763,Army West Point Black Knights,614620,Holy Cross Crusaders,614620,8,bot,Jake Pineda to c for John McKillop.,84,2026-04-06T13:00:00-04:00,"Ballpark at Fitton Field (Worcester, MA)",203,MBA,2026
6524271,614763,Army West Point Black Knights,614620,Holy Cross Crusaders,614620,8,bot,Ryan Grundy struck out swinging (3-2 KBFBFBS).,85,2026-04-06T13:00:00-04:00,"Ballpark at Fitton Field (Worcester, MA)",203,MBA,2026
6524271,614763,Army West Point Black Knights,614620,Holy Cross Crusaders,614620,8,bot,"Simon Landry singled down the lf line, out at second rf to ss (1-1 KB).",86,2026-04-06T13:00:00-04:00,"Ballpark at Fitton Field (Worcester, MA)",203,MBA,2026
6524271,614763,Army West Point Black Knights,614620,Holy Cross Crusaders,614620,8,bot,Nick Andersen struck out looking (2-2 BFBFK).,87,2026-04-06T13:00:00-04:00,"Ballpark at Fitton Field (Worcester, MA)",203,MBA,2026
6524271,614763,Army West Point Black Knights,614620,Holy Cross Crusaders,614763,9,top,Carter Hewitt flied out to cf (0-2 SK).,88,2026-04-06T13:00:00-04:00,"Ballpark at Fitton Field (Worcester, MA)",203,MBA,2026
6524271,614763,Army West Point Black Knights,614620,Holy Cross Crusaders,614763,9,top,Zac Farrell singled to third base (3-2 BFBKB).,89,2026-04-06T13:00:00-04:00,"Ballpark at Fitton Field (Worcester, MA)",203,MBA,2026
6524271,614763,Army West Point Black Knights,614620,Holy Cross Crusaders,614763,9,top,Paul Andrzejewski reached on a fielder's choice (0-2 FK)3a Zac Farrell out at second ss to 2b.,90,2026-04-06T13:00:00-04:00,"Ballpark at Fitton Field (Worcester, MA)",203,MBA,2026
6524271,614763,Army West Point Black Knights,614620,Holy Cross Crusaders,614763,9,top,"Mason Scott doubled down the rf line, RBI (0-0)3a Paul Andrzejewski scored.",91,2026-04-06T13:00:00-04:00,"Ballpark at Fitton Field (Worcester, MA)",203,MBA,2026
6524271,614763,Army West Point Black Knights,614620,Holy Cross Crusaders,614763,9,top,Chris Barr flied out to rf (2-2 BKBF).,92,2026-04-06T13:00:00-04:00,"Ballpark at Fitton Field (Worcester, MA)",203,MBA,2026
