sport_id,game_id,team_id,batting_AB,batting_R,batting_H,batting_2B,batting_3B,batting_TB,batting_HR,batting_RBI,batting_BB,batting_HBP,batting_SF,batting_SH,batting_SO,batting_OPP_DP,batting_CS,batting_PK,batting_SB,batting_IBB,batting_KL,pitching_IP,pitching_H,pitching_R,pitching_ER,pitching_BB,pitching_SO,pitching_BF,pitching_2B,pitching_3B,pitching_BK,pitching_HR,pitching_WP,pitching_HBP,pitching_IBB,pitching_IR,pitching_IRS,pitching_SH,pitching_SF,pitching_KL,pitching_TUER,pitching_PK,fielding_PO,fielding_A,fielding_TC,fielding_E,fielding_CI,fielding_PB,fielding_SBA,fielding_CSB,fielding_IDP,fielding_TP,fielding_SBA%
MBA,6339196,596785,28,2,5,0,0,8,1,2,2,1,1,0,8,0,3,0,0,0,0,8.333,7,3,3,2,6,34,3,0,0,0,1,0,0,0,0,0,1,3,0,0,25,12,37,0,0,0,1,0,0,0,1.0
MBA,6339196,596832,31,3,7,3,0,10,0,3,2,0,1,0,6,0,0,0,1,0,3,9.001,5,2,2,2,8,32,0,0,0,1,0,1,0,0,0,0,1,0,0,0,27,7,34,0,0,1,0,3,0,0,0.0
MBA,6339197,596825,22,7,4,0,0,4,0,5,6,1,0,0,8,0,0,0,1,0,4,7.0,5,5,3,6,10,35,2,0,0,1,0,2,0,0,0,0,1,5,0,0,21,2,25,2,0,0,0,0,0,0,
MBA,6339197,596866,26,5,5,2,0,10,1,3,6,2,1,0,10,0,0,0,0,0,5,6.0,4,7,7,6,8,29,0,0,0,0,2,1,0,3,3,0,0,4,0,0,18,4,23,1,0,0,1,0,0,0,1.0
MBA,6339198,596739,45,16,20,3,1,25,0,14,7,1,0,0,7,0,2,1,0,0,4,9.0,8,3,3,1,6,35,3,0,0,0,0,0,0,1,0,0,2,1,0,0,27,9,37,1,0,0,0,0,5,0,
MBA,6339198,596792,32,3,8,3,0,11,0,3,1,0,2,0,6,2,0,0,0,0,1,8.998,20,16,12,7,7,53,3,1,0,0,3,1,0,7,4,0,0,4,0,1,26,13,41,2,0,0,0,2,0,0,0.0
MBA,6339200,596752,31,4,7,1,0,8,0,4,4,0,0,0,11,0,0,0,0,0,3,8.0,14,14,12,9,8,50,3,0,0,2,4,2,0,8,5,0,0,0,0,0,24,6,32,2,0,0,2,1,0,0,1.0
MBA,6339200,596776,39,14,14,3,0,23,2,12,9,2,0,0,8,0,1,0,2,0,0,8.0,7,4,4,4,11,35,1,0,0,0,0,0,0,3,0,0,0,3,0,0,24,3,27,0,0,0,0,0,0,0,
MBA,6339202,596907,37,4,9,0,0,18,3,4,2,1,0,0,8,0,0,0,1,0,1,9.0,12,7,7,5,9,43,1,0,0,3,2,2,1,6,1,1,1,2,0,1,26,7,33,0,0,0,1,2,0,0,0.0
MBA,6339202,596966,34,7,12,1,0,22,3,7,5,2,1,1,9,0,2,1,1,1,2,9.001,9,4,4,2,8,40,0,0,0,3,0,1,0,1,0,0,0,1,0,0,26,6,33,1,0,0,1,0,0,0,1.0
MBA,6339203,596731,26,7,7,1,0,14,2,7,5,1,0,1,5,1,0,0,0,0,3,6.997999999999999,21,17,17,7,7,47,3,0,0,8,0,0,0,1,0,0,0,3,0,0,21,8,29,0,0,0,0,0,6,0,
MBA,6339203,596766,40,17,21,3,0,48,8,17,7,0,0,0,7,2,0,0,0,0,3,7.0,7,7,7,5,5,33,1,0,0,2,0,1,0,3,1,1,0,3,0,0,21,9,30,0,0,0,0,0,3,0,
MBA,6339204,596768,27,3,4,0,0,4,0,2,8,1,0,0,12,1,0,0,4,0,0,9.0,8,2,2,3,6,37,1,0,0,1,1,1,0,1,0,0,0,0,0,0,27,7,34,0,0,0,0,1,3,0,0.0
MBA,6339204,596911,33,2,8,1,0,12,1,1,3,1,0,0,6,1,1,0,0,0,0,8.0,4,3,3,8,12,36,0,0,0,0,2,1,0,2,0,0,0,0,0,0,24,5,29,0,0,0,4,0,3,0,1.0
MBA,6339207,596769,33,4,8,1,0,12,1,4,6,3,1,1,5,0,0,0,0,0,2,7.999,9,10,8,7,8,44,1,0,0,0,1,5,0,0,0,1,0,0,0,0,24,12,38,2,0,1,3,1,3,0,1.0
MBA,6339207,596828,31,10,9,1,0,10,0,9,7,5,0,1,8,1,1,0,3,0,0,9.001,8,4,4,6,5,44,1,0,0,1,3,3,0,0,0,1,1,2,0,0,26,4,30,0,0,0,0,0,0,0,
MBA,6339208,596741,37,10,9,1,0,19,3,10,1,3,1,0,12,0,0,0,3,0,5,9.0,8,3,3,1,5,36,0,0,0,0,1,0,0,2,0,0,0,2,0,0,27,13,41,1,0,0,0,0,2,0,
MBA,6339208,596842,35,3,8,0,0,8,0,3,1,0,0,0,5,1,0,0,0,0,2,9.0,9,10,8,1,12,42,1,0,0,3,1,3,0,0,0,0,1,5,0,0,27,5,34,2,0,0,3,0,0,0,1.0
MBA,6339209,596754,27,0,7,0,0,7,0,0,4,1,0,0,5,1,1,1,0,0,1,7.668,9,10,9,7,3,40,2,2,0,0,0,0,0,0,0,0,2,0,0,0,23,4,28,1,0,0,0,0,0,0,
MBA,6339209,596782,31,10,9,2,2,15,0,10,7,0,2,0,3,0,0,0,0,0,0,8.0,7,0,0,4,5,32,0,0,0,0,0,1,0,0,0,0,0,1,0,1,24,12,36,0,0,0,0,1,3,0,0.0
MBA,6339211,596746,28,4,7,1,0,8,0,2,5,0,0,0,8,2,0,0,2,0,5,9.0,4,0,0,0,6,31,0,0,0,0,0,1,0,0,0,0,0,1,0,1,26,9,35,0,0,0,0,1,0,0,0.0
MBA,6339211,596948,30,0,4,0,0,4,0,0,0,1,0,0,6,0,1,1,0,0,1,8.0,7,4,1,5,8,33,1,0,0,0,2,0,0,0,0,0,0,5,0,0,24,13,39,2,0,0,2,0,4,0,1.0
MBA,6339212,596870,36,9,8,2,0,10,0,7,7,2,0,0,8,1,0,0,1,1,3,9.0,10,2,2,2,6,40,3,0,0,0,0,1,1,0,0,1,0,3,0,0,26,5,31,0,0,0,0,0,0,0,
MBA,6339212,596973,36,2,10,3,0,13,0,2,2,1,0,1,6,0,0,0,0,1,3,9.0,8,9,4,7,8,45,2,0,3,0,3,2,1,0,0,0,0,3,0,0,26,12,40,2,0,0,1,0,3,0,1.0
MBA,6339213,596826,31,3,8,1,0,9,0,3,5,1,1,1,10,2,0,1,3,2,3,10.0,10,2,2,3,8,40,2,0,0,1,0,0,0,2,0,1,0,1,0,0,30,12,42,0,0,0,3,1,0,0,1.0
MBA,6339213,596868,36,2,10,2,0,15,1,2,3,0,0,1,8,0,1,0,3,0,1,9.333,8,3,3,5,10,39,1,0,0,0,0,1,2,1,1,1,1,3,0,1,28,5,33,0,0,0,3,0,5,0,1.0
MBA,6339214,596771,35,8,10,1,0,11,0,5,2,0,1,1,8,2,1,0,0,0,2,9.0,8,3,3,0,2,35,5,0,0,0,0,1,0,0,0,0,1,0,0,0,27,10,38,1,0,0,1,0,1,0,1.0
MBA,6339214,596876,33,3,8,5,0,13,0,3,0,1,1,0,2,1,0,0,1,0,0,8.0,10,8,2,2,8,39,1,0,0,0,2,0,0,2,2,1,1,2,0,0,24,7,37,6,0,0,0,1,4,0,0.0
MBA,6339215,596730,36,9,10,0,1,12,0,5,8,5,0,0,11,1,0,0,0,0,4,9.0,14,11,7,3,5,45,0,1,0,0,0,3,0,2,2,1,0,1,0,1,25,11,38,2,0,0,9,0,0,0,1.0
MBA,6339215,596777,38,11,14,0,1,16,0,10,3,3,0,1,5,0,0,1,9,0,1,9.0,10,9,8,8,11,49,0,1,0,0,3,5,0,6,4,0,0,4,0,0,27,6,35,2,0,0,0,0,3,0,
MBA,6339216,596743,29,7,8,3,0,14,1,5,4,1,1,2,11,0,0,0,1,0,3,9.0,6,1,1,3,10,34,1,0,0,1,1,2,0,0,0,0,0,4,0,0,27,12,39,0,0,0,0,0,12,0,
MBA,6339216,596841,29,1,6,1,0,10,1,1,3,2,0,0,10,4,0,0,0,0,4,7.997,8,7,4,4,11,37,3,0,0,1,1,1,0,3,0,2,1,3,0,0,23,7,32,2,0,0,1,0,0,0,1.0
MBA,6339217,596742,31,2,4,0,0,7,1,2,4,0,1,0,12,0,0,0,0,0,4,9.0,11,4,4,3,4,42,1,0,0,1,0,0,0,2,0,0,0,0,0,0,27,14,42,1,0,0,0,0,0,0,
MBA,6339217,596814,39,4,11,1,0,15,1,4,3,0,0,0,4,0,0,0,0,0,0,9.0,4,2,1,4,12,36,0,0,0,1,0,0,0,0,0,0,1,4,0,0,27,8,37,2,0,0,0,0,0,0,
MBA,6339218,596747,31,1,6,0,0,6,0,1,8,0,0,0,13,0,1,1,0,0,6,8.0,10,9,6,5,6,41,3,0,0,1,1,1,0,1,1,0,2,2,0,0,23,7,32,2,0,0,2,0,2,0,1.0
MBA,6339218,596839,33,9,10,3,0,16,1,8,5,1,2,0,6,1,0,0,2,0,2,9.0,6,1,1,8,13,39,0,0,0,0,1,0,0,0,0,0,0,6,0,1,27,5,32,0,0,1,0,1,0,0,0.0
MBA,6339219,596737,30,4,8,1,0,15,2,4,2,1,0,1,9,0,1,0,0,0,5,9.002,6,2,2,4,6,37,2,0,0,0,0,3,0,0,0,0,1,2,0,0,27,14,41,0,0,1,0,2,3,0,0.0
MBA,6339219,596781,29,2,6,2,0,8,0,2,4,3,1,0,6,1,2,0,0,0,2,8.0,8,4,4,2,9,34,1,0,0,2,1,1,0,0,0,1,0,5,0,0,23,7,30,0,0,0,0,1,0,0,0.0
MBA,6339222,596805,35,13,20,4,0,27,1,13,6,3,3,0,3,0,0,0,4,0,0,8.0,2,3,3,12,15,38,0,0,0,1,4,0,0,0,0,0,0,4,0,0,24,6,31,1,0,0,0,0,3,0,
MBA,6339222,596828,26,3,2,0,0,5,1,1,12,0,0,0,15,1,0,0,0,0,4,8.0,20,13,13,6,3,47,4,0,0,1,2,3,0,0,0,0,3,0,0,0,24,11,36,1,0,0,4,0,3,0,1.0
MBA,6339223,596811,27,12,11,3,2,21,1,12,7,5,1,1,3,1,0,0,0,0,0,8.998999999999999,10,5,2,3,10,43,0,0,0,0,2,4,0,0,0,0,0,0,0,0,27,9,37,1,0,0,0,0,7,0,
MBA,6339223,596956,32,4,10,1,0,11,0,2,3,2,1,0,8,2,0,0,0,0,0,8.0,11,12,3,7,7,46,0,0,0,1,0,6,0,0,0,0,0,0,0,0,22,2,24,0,0,0,0,0,2,0,
MBA,6339225,596738,39,12,13,2,0,21,2,11,6,1,0,0,10,1,2,0,2,0,5,9.0,10,8,4,3,10,43,1,1,0,1,2,2,0,0,0,0,0,0,0,0,26,4,31,1,0,1,0,0,0,0,
MBA,6339225,596794,38,8,10,1,1,16,1,8,3,2,0,0,10,0,0,0,0,0,0,9.001000000000001,13,12,11,6,10,46,2,0,0,2,0,1,0,0,0,0,0,5,0,0,27,6,34,1,0,1,2,2,2,0,0.0
MBA,6339226,596928,33,8,10,3,0,19,2,8,3,2,0,0,3,2,0,0,0,0,2,9.0,12,3,3,0,7,38,0,0,0,0,0,1,0,0,0,0,0,1,0,0,27,7,34,0,0,0,1,1,2,0,0.0
MBA,6339226,596943,37,3,12,0,0,12,0,3,0,1,0,0,7,1,1,0,1,0,1,8.0,10,8,8,3,3,38,3,0,0,2,0,2,0,3,0,0,0,2,0,0,23,10,34,1,0,0,0,0,6,0,
MBA,6339227,596919,31,6,10,2,0,15,1,6,5,3,1,0,10,0,0,0,3,0,3,6.0,22,25,17,7,3,56,6,0,0,6,3,8,0,7,5,0,0,1,0,0,18,3,22,1,0,0,5,0,0,0,1.0
MBA,6339227,596927,41,25,22,6,0,46,6,20,7,8,0,0,3,0,0,0,5,0,1,7.0,10,6,5,5,10,40,2,0,0,1,0,3,0,0,0,0,1,3,0,0,20,2,23,1,0,0,3,0,0,0,1.0
MBA,6339228,596923,30,6,8,2,1,12,0,4,7,1,0,1,7,0,1,0,4,0,1,9.0,7,5,4,4,9,38,1,0,0,1,0,0,0,0,0,0,1,4,0,0,27,7,35,1,0,0,6,0,0,0,1.0
MBA,6339228,596952,33,5,7,1,0,11,1,4,4,0,1,0,9,0,0,0,6,0,4,8.0,8,6,4,7,7,39,2,1,0,0,0,1,0,2,0,1,0,1,0,0,24,11,38,3,0,0,4,1,0,0,1.0
MBA,6339230,596735,30,1,2,0,0,2,0,1,4,0,0,0,10,0,0,0,1,0,1,8.0,15,9,5,3,9,45,2,0,0,0,1,0,0,0,0,0,0,1,0,0,23,8,35,4,0,1,1,0,0,0,1.0
MBA,6339230,596804,42,9,15,2,0,17,0,7,3,0,0,0,9,0,0,0,1,0,1,9.0,2,1,1,4,10,34,0,0,0,0,1,0,0,0,0,0,0,1,0,0,27,2,30,1,0,0,1,0,0,0,1.0
MBA,6339231,596810,20,0,2,0,0,2,0,0,2,2,0,1,8,2,0,0,0,0,1,6.668,11,10,8,3,5,37,2,1,0,0,2,3,0,0,0,2,0,0,0,0,20,6,27,1,0,0,6,1,0,0,1.0
MBA,6339231,596854,29,10,11,2,1,15,0,9,3,3,0,2,5,0,1,0,6,0,0,7.0,2,0,0,2,8,25,0,0,0,0,0,2,0,0,0,1,0,1,0,0,21,10,31,0,0,0,0,0,6,0,
MBA,6339232,596831,38,6,9,0,1,11,0,4,4,1,0,0,6,1,1,0,0,0,3,10.001,9,7,7,11,9,50,2,0,0,1,5,3,1,4,0,1,1,1,0,0,29,12,42,1,0,0,3,1,3,0,1.0
MBA,6339232,596846,34,7,9,2,0,14,1,7,11,3,1,1,9,1,2,0,3,1,1,10.0,9,6,4,4,6,43,0,1,0,0,0,1,0,0,0,0,0,3,0,0,30,15,46,1,0,0,0,1,3,0,0.0
MBA,6339233,596883,36,7,10,3,0,16,1,6,7,4,0,0,5,0,1,0,4,0,0,9.0,8,3,2,0,3,33,3,0,0,0,0,0,0,0,0,0,0,0,0,0,27,14,42,1,0,0,0,0,6,0,
MBA,6339233,596940,33,3,8,3,0,11,0,2,0,0,0,0,3,2,0,0,0,0,0,9.001000000000001,10,7,6,7,5,47,3,0,0,1,2,4,0,6,3,0,0,0,0,0,27,11,40,2,0,0,4,0,0,0,1.0
MBA,6339234,596857,30,1,5,1,0,6,0,1,3,0,0,0,10,3,0,0,3,0,3,8.001,12,6,4,2,3,33,3,0,1,0,0,0,0,0,0,0,0,0,0,1,24,15,40,1,0,0,3,1,3,0,1.0
MBA,6339234,596932,31,6,12,3,0,15,0,5,2,0,0,0,3,1,1,1,3,0,0,9.0,5,1,0,3,10,33,1,0,0,0,0,0,0,0,0,0,0,3,0,0,27,12,40,1,0,1,3,0,9,0,1.0
MBA,6339235,596754,38,9,11,2,1,15,0,9,4,4,0,1,10,1,0,0,3,1,3,8.667,10,10,10,10,8,48,4,1,0,0,7,3,1,4,0,2,1,4,0,0,25,7,32,0,0,0,1,0,0,0,1.0
MBA,6339235,596763,32,10,10,4,1,16,0,10,10,3,1,2,8,0,1,1,1,1,4,8.999,11,9,6,4,10,47,2,1,1,0,0,4,1,1,1,1,0,3,0,0,26,6,35,3,0,1,3,0,1,0,1.0
MBA,6339236,596726,33,5,8,1,0,9,0,2,3,3,0,0,5,1,0,0,3,0,1,9.0,7,2,2,2,7,38,1,0,0,0,0,2,0,0,0,1,0,3,0,0,27,5,33,1,0,0,0,0,0,0,
MBA,6339236,596790,33,2,7,1,0,8,0,2,2,2,0,1,7,0,0,0,0,0,3,8.0,8,5,4,3,5,39,1,0,0,0,2,3,0,0,0,0,0,1,0,0,24,11,38,3,0,0,3,0,3,0,1.0
MBA,6339238,596760,36,11,10,1,1,16,1,10,6,3,0,1,8,1,0,0,1,0,2,8.997,12,7,7,6,5,43,1,0,0,0,3,1,0,0,0,0,0,3,0,0,26,8,34,0,0,0,3,2,0,0,1.0
MBA,6339238,596963,36,7,12,1,0,13,0,6,6,1,0,0,5,0,2,0,3,0,3,9.001000000000001,10,11,10,6,8,46,1,1,1,1,0,3,0,0,0,1,0,2,0,0,27,7,35,1,0,0,1,0,3,0,1.0
MBA,6339239,596732,35,6,9,5,0,17,1,6,5,4,1,0,7,0,0,0,0,0,2,9.0,11,10,4,5,8,47,2,0,0,0,1,2,0,0,0,1,1,2,0,0,25,8,34,1,0,0,0,0,0,0,
MBA,6339239,596967,38,10,11,2,0,13,0,8,5,2,1,1,8,0,0,0,0,0,2,8.998999999999999,9,6,6,5,7,45,5,0,0,1,1,4,0,0,0,0,1,2,0,0,27,8,35,0,0,0,0,0,0,0,
MBA,6339240,596913,34,12,9,1,0,13,1,10,8,2,1,1,10,0,1,0,1,0,2,9.0,9,9,9,11,9,48,3,0,0,0,2,2,0,5,3,1,0,1,0,0,26,10,37,1,0,0,0,0,6,0,
MBA,6339240,596959,34,9,9,3,0,12,0,7,11,2,0,1,9,2,0,0,0,0,1,9.001,9,12,10,8,10,46,1,0,0,1,4,2,0,7,4,1,1,2,0,0,27,5,33,1,0,0,1,1,0,0,0.0
MBA,6339241,596734,32,4,10,3,2,17,0,4,1,2,1,0,6,2,0,2,1,0,3,9.0,14,6,3,0,5,43,4,0,0,0,2,1,0,0,0,1,0,2,0,0,27,6,36,3,0,0,0,0,2,0,
MBA,6339241,596829,41,6,14,4,0,18,0,6,0,1,0,1,5,2,0,0,0,0,2,9.0,10,4,4,1,6,36,3,2,0,0,2,2,0,0,0,0,1,3,0,2,27,7,34,0,0,0,1,0,5,0,1.0
MBA,6339242,596736,31,3,4,2,0,6,0,3,1,2,0,0,9,0,0,0,0,0,1,7.999,20,18,18,6,5,49,4,0,0,2,4,1,0,6,4,0,2,2,0,0,24,5,30,1,0,0,2,1,0,0,1.0
MBA,6339242,596784,40,18,20,4,0,30,2,17,6,1,2,0,5,0,1,0,2,0,2,9.001,4,3,3,1,9,34,2,0,0,0,0,2,0,0,0,0,0,1,0,0,26,4,30,0,0,0,0,0,0,0,
MBA,6339243,596722,25,3,4,1,0,5,0,3,2,2,0,0,13,0,0,0,0,0,2,7.0,27,29,22,11,8,65,6,2,0,1,2,3,0,0,0,0,3,3,0,0,21,3,28,4,0,0,2,0,0,0,1.0
MBA,6339243,596779,48,29,27,6,2,40,1,26,11,3,3,0,8,0,0,0,2,0,3,7.0,4,3,3,2,13,29,1,0,0,0,0,2,0,0,0,0,0,2,0,0,21,3,24,0,0,0,0,0,0,0,
MBA,6339244,596812,38,10,13,4,0,17,0,10,2,3,1,0,10,0,0,0,2,0,3,9.0,6,1,1,2,7,33,1,0,0,0,0,0,0,1,0,0,0,1,0,0,27,11,38,0,0,0,0,0,3,0,
MBA,6339244,596851,31,1,6,1,0,7,0,1,2,0,0,0,7,1,0,0,0,0,1,7.999,13,10,6,2,10,44,4,0,0,0,0,3,0,2,1,0,1,3,0,0,23,5,30,2,0,0,2,0,0,0,1.0
MBA,6339245,596836,27,3,2,0,0,5,1,2,6,1,0,3,11,1,0,0,4,0,1,9.0,7,4,1,2,5,40,1,0,0,0,0,4,0,0,0,0,1,2,0,0,26,8,35,1,0,0,0,0,3,0,
MBA,6339245,596885,33,4,7,1,0,8,0,4,2,4,1,0,5,1,0,0,0,0,2,9.001,2,3,2,6,11,37,0,0,1,1,1,1,0,3,1,3,0,1,0,0,27,11,41,3,0,0,4,0,3,0,1.0
MBA,6339246,596824,38,4,11,4,0,21,2,4,2,1,0,0,12,0,0,1,0,0,4,8.998999999999999,9,12,12,7,12,43,4,0,0,1,1,2,0,4,4,0,0,3,0,0,27,12,39,0,0,0,0,1,3,0,0.0
MBA,6339246,596867,34,12,9,4,0,16,1,11,7,2,0,0,12,1,1,0,0,0,3,8.999,11,4,4,2,12,41,4,0,1,2,1,1,0,2,0,0,0,4,0,1,27,7,36,2,0,1,0,0,0,0,
MBA,6339247,596723,34,5,8,0,1,10,0,5,3,1,0,0,8,1,0,1,4,0,3,9.003,11,4,2,0,11,38,1,0,0,1,2,0,0,2,1,0,0,3,0,0,27,8,37,2,0,0,1,1,3,0,0.0
MBA,6339247,596865,38,4,11,1,0,15,1,4,0,0,0,0,11,1,1,0,1,0,3,9.0,8,5,4,3,8,38,0,1,0,0,1,1,0,1,1,0,0,3,0,1,27,12,41,2,0,2,4,0,3,0,1.0
MBA,6339248,596877,32,7,8,2,0,10,0,7,5,1,0,0,8,2,0,0,2,0,5,9.0,3,0,0,4,11,34,0,0,0,0,0,0,0,0,0,0,0,3,0,0,27,4,32,1,0,0,0,0,0,0,
MBA,6339248,596900,30,0,3,0,0,3,0,0,4,0,0,0,11,0,0,0,0,0,3,9.001000000000001,8,7,7,5,8,38,2,0,0,0,0,1,0,2,2,0,0,5,0,0,26,7,33,0,0,0,2,0,3,0,1.0
MBA,6339249,596757,31,3,7,1,0,8,0,3,2,2,1,0,17,0,1,0,2,0,3,8.0,6,4,2,8,7,40,3,0,0,0,0,3,0,3,0,0,0,2,0,0,23,4,28,1,0,0,0,0,3,0,
MBA,6339249,596806,29,4,6,3,0,9,0,3,8,3,0,0,7,2,0,0,0,0,2,9.0,7,3,3,2,17,36,1,0,0,0,0,2,0,0,0,0,1,3,0,0,27,5,32,0,0,0,2,1,0,0,1.0
MBA,6339250,596759,38,8,9,2,0,14,1,7,8,0,1,0,13,1,0,0,6,0,6,8.001000000000001,10,9,9,7,10,40,3,0,0,2,2,1,0,1,0,0,1,3,0,1,22,8,30,0,0,0,6,0,0,0,1.0
MBA,6339250,596859,31,9,10,3,0,19,2,8,7,1,1,0,10,0,0,1,6,0,3,9.001000000000001,9,8,4,8,13,47,2,0,0,1,1,0,0,5,0,0,1,6,0,0,27,8,38,3,0,1,6,0,3,0,1.0
MBA,6339251,596787,29,0,5,1,0,6,0,0,1,2,0,0,7,2,1,0,0,0,0,8.0,12,7,7,1,7,38,2,1,0,0,0,1,0,0,0,0,2,4,0,0,24,7,31,0,0,0,0,0,0,0,
MBA,6339251,596886,34,7,12,2,1,16,0,7,1,1,2,0,7,0,0,0,0,0,4,9.0,5,0,0,1,7,32,1,0,0,0,0,2,0,0,0,0,0,0,0,0,27,9,36,0,0,0,0,1,5,0,0.0
MBA,6339252,596797,32,7,6,1,0,10,1,7,6,1,0,2,10,0,0,1,0,0,1,10.0,10,6,5,1,7,41,1,1,0,1,0,1,0,0,0,1,1,2,0,0,30,10,41,1,0,0,1,0,6,0,1.0
MBA,6339252,596958,37,6,10,1,1,16,1,5,1,1,1,1,7,2,0,0,1,0,2,9.667,6,7,7,6,10,41,1,0,0,1,2,1,0,0,0,2,0,1,0,1,29,7,36,0,0,0,0,0,0,0,
MBA,6339253,596748,29,3,5,1,0,6,0,2,3,3,0,1,8,0,1,0,0,0,2,9.0,4,1,1,3,10,36,1,0,0,0,0,2,0,1,0,0,0,4,0,0,27,7,35,1,0,0,2,0,3,0,1.0
MBA,6339253,596970,31,1,4,1,0,5,0,1,3,2,0,0,10,1,0,0,2,0,4,8.0,5,3,2,3,8,36,1,0,0,0,1,3,0,0,0,1,0,2,0,0,23,7,32,2,0,0,0,1,0,0,0.0
MBA,6339254,596727,35,4,8,1,0,12,1,2,6,0,0,0,14,0,0,1,1,0,5,8.333,9,5,3,5,7,39,1,1,0,0,0,0,0,0,0,0,0,5,0,0,25,11,37,1,0,0,2,0,0,0,1.0
MBA,6339254,596939,34,5,9,1,1,12,0,4,5,0,0,0,7,0,0,0,2,0,5,9.0,8,4,2,6,14,41,1,0,0,1,0,0,0,0,0,0,0,5,0,1,27,7,36,2,0,0,1,0,0,0,1.0
MBA,6339255,596965,40,14,15,4,0,25,2,14,5,5,1,1,5,0,0,0,4,0,2,9.0,5,1,1,3,3,37,3,0,0,0,2,3,0,0,0,1,0,0,0,0,26,7,33,0,0,0,0,0,3,0,
MBA,6339255,596976,30,1,5,3,0,8,0,1,3,3,0,1,3,1,0,0,0,0,0,8.999,15,14,14,5,5,52,4,0,0,2,2,5,0,4,4,1,1,2,0,0,27,12,40,1,0,2,4,0,0,0,1.0
MBA,6339256,596801,35,5,9,2,0,11,0,4,1,0,0,2,11,1,1,0,0,0,2,9.001,13,6,6,7,6,49,3,0,0,0,0,3,0,0,0,0,1,2,0,0,27,15,43,1,0,0,0,0,1,0,
MBA,6339256,596880,38,6,13,3,0,16,0,6,7,3,1,0,6,1,0,0,0,0,2,9.0,9,5,0,1,11,38,2,0,0,0,1,0,0,0,0,2,0,2,0,0,27,12,42,3,0,0,0,1,3,0,0.0
MBA,6339257,596728,32,3,9,0,0,9,0,2,3,3,0,0,7,0,0,0,0,0,4,9.001,3,2,1,5,5,36,0,0,1,0,1,4,0,0,0,1,0,1,0,0,27,8,35,0,0,2,1,0,6,0,1.0
MBA,6339257,596837,26,2,3,0,0,3,0,1,5,4,0,1,5,3,0,0,1,0,1,8.0,9,3,1,3,7,38,0,0,0,0,0,3,0,0,0,0,0,4,0,0,24,6,32,2,0,0,0,0,0,0,
MBA,6339259,596855,32,5,11,3,0,14,0,5,4,1,0,0,5,0,1,0,0,0,2,7.334,13,15,15,12,6,47,1,2,0,0,3,1,0,3,3,2,1,1,0,0,22,9,33,2,0,0,5,1,2,0,1.0
MBA,6339259,596873,31,15,13,1,2,18,0,14,12,1,1,2,6,1,1,0,5,0,1,8.001,11,5,5,4,5,37,3,0,0,0,2,1,0,3,2,0,0,2,0,0,24,10,34,0,0,0,0,1,0,0,0.0
MBA,6339260,596763,38,9,12,1,1,15,0,8,3,0,1,0,7,0,2,0,1,0,1,9.0,11,7,7,2,9,37,5,0,0,0,3,2,0,0,0,0,1,0,0,0,27,14,41,0,0,0,0,2,6,0,0.0
MBA,6339260,596809,32,7,11,5,0,16,0,7,2,2,1,0,9,2,2,0,0,0,0,9.0,12,9,5,3,7,42,1,1,0,0,3,0,0,2,2,0,1,1,0,0,24,10,35,1,0,0,1,2,0,0,0.0
MBA,6339275,596869,31,0,6,1,0,7,0,0,3,0,0,0,6,1,1,1,0,0,3,9.0,9,2,2,2,5,36,2,1,0,0,1,0,0,0,0,1,0,0,0,0,27,5,32,0,0,0,0,1,0,0,0.0
MBA,6339275,596882,33,2,9,2,1,13,0,2,2,0,0,1,5,0,1,0,0,0,0,9.0,6,0,0,3,6,34,1,0,0,0,0,0,0,2,0,0,0,3,0,1,27,10,37,0,0,1,0,0,3,0,
MBA,6339304,596791,42,10,18,4,2,32,2,9,3,0,0,2,2,0,0,0,2,0,0,9.0,6,2,2,2,11,35,0,1,0,0,4,2,0,0,0,1,0,3,0,0,26,8,34,0,0,0,0,1,3,0,0.0
MBA,6339304,596878,30,2,6,0,1,8,0,0,2,2,0,1,11,1,1,0,0,0,3,7.999,18,10,8,3,2,47,4,2,0,2,2,0,0,3,1,2,0,0,0,0,23,9,35,3,0,0,2,0,0,0,1.0
MBA,6339340,596962,33,14,13,2,0,21,2,13,11,4,0,0,2,1,0,0,2,0,0,8.0,9,4,4,4,5,39,2,0,1,0,2,2,0,0,0,0,1,3,0,0,24,7,31,0,0,0,1,0,0,0,1.0
MBA,6339340,599994,32,4,9,2,0,11,0,4,4,2,1,0,5,0,0,0,1,0,3,7.001,13,14,11,11,2,48,2,0,0,2,2,4,0,5,2,0,0,0,0,0,21,6,28,1,0,0,2,0,3,0,1.0
MBA,6339341,596785,40,12,15,5,0,23,1,11,3,2,0,1,7,0,0,0,0,0,2,9.0,12,7,7,5,8,46,1,0,0,2,0,2,0,0,0,0,0,1,0,0,25,9,34,0,0,0,1,0,0,0,1.0
MBA,6339341,596832,39,7,12,1,0,19,2,7,5,2,0,0,8,0,0,0,1,0,1,9.001000000000001,15,12,12,3,7,46,5,0,0,1,0,2,0,0,0,1,0,2,0,0,27,6,33,0,0,0,0,0,0,0,
MBA,6339343,596759,35,11,11,3,1,16,0,10,6,0,2,0,13,0,1,0,2,0,8,9.001000000000001,5,3,3,3,7,36,0,0,0,1,0,3,0,0,0,2,0,1,0,0,27,7,34,0,0,1,0,1,2,0,0.0
MBA,6339343,596797,28,3,5,0,0,8,1,3,3,3,0,2,7,1,1,0,0,0,1,9.001000000000001,11,11,11,6,13,43,3,1,2,0,3,0,0,0,0,0,2,8,0,0,26,5,32,1,0,0,2,1,0,0,1.0
MBA,6339345,596743,34,11,9,3,0,15,1,8,4,2,0,0,8,2,0,0,2,0,3,9.0,6,2,2,6,18,39,0,0,0,0,0,1,0,5,0,0,0,3,0,0,27,4,32,1,0,0,1,0,3,0,1.0
MBA,6339345,596907,32,2,6,0,0,6,0,2,6,1,0,0,18,1,0,0,1,0,3,7.999,9,11,6,4,8,40,3,0,0,1,1,2,0,2,2,0,0,3,0,0,24,10,37,3,0,0,2,0,6,0,1.0
MBA,6339346,596742,31,2,6,3,0,9,0,1,4,0,0,0,10,2,0,0,0,0,4,8.0,6,5,5,3,12,36,2,0,0,0,4,3,0,1,1,1,1,4,0,0,24,2,26,0,0,0,2,0,0,0,1.0
MBA,6339346,596776,28,5,6,2,0,8,0,4,3,3,1,1,12,0,0,0,2,0,4,9.0,6,2,2,4,10,35,3,0,0,0,1,0,0,4,0,0,0,4,0,0,26,16,42,0,0,0,0,0,4,0,
MBA,6339347,596768,29,5,5,1,0,6,0,4,10,0,2,0,6,2,0,2,0,0,1,8.998,8,6,5,9,11,42,2,0,0,1,3,0,0,5,2,0,0,3,0,1,26,9,35,0,0,1,4,0,3,0,1.0
MBA,6339347,596855,33,6,8,2,0,13,1,5,9,0,0,0,11,1,0,1,4,0,3,9.001000000000001,5,5,5,10,6,41,1,0,0,0,3,0,0,1,0,0,2,1,0,2,27,14,44,3,0,1,0,0,5,0,
MBA,6339348,596807,38,2,10,2,0,12,0,2,6,0,0,0,7,0,1,1,0,1,1,9.0,6,0,0,4,2,34,0,0,0,0,0,1,0,0,0,0,0,1,0,0,27,10,37,0,0,0,0,1,5,0,0.0
MBA,6339348,8054622,29,0,6,0,0,6,0,0,4,1,0,0,2,2,2,0,0,0,1,8.997,10,2,1,6,7,44,2,0,0,0,0,0,1,2,0,0,0,1,0,1,27,9,41,5,0,0,0,1,0,0,0.0
MBA,6339349,596757,33,1,6,0,0,6,0,1,2,2,0,0,10,1,0,0,1,1,3,8.001000000000001,5,4,4,6,8,36,1,0,0,1,1,2,0,2,0,0,0,3,0,0,24,7,31,0,0,0,0,0,3,0,
MBA,6339349,596806,28,4,5,1,0,9,1,4,6,2,0,0,8,1,0,0,0,0,3,9.0,6,1,1,2,10,37,0,0,0,0,0,2,1,0,0,0,0,3,0,0,27,8,36,1,0,0,1,0,3,0,1.0
MBA,6339350,596852,34,7,6,1,0,10,1,6,7,1,0,0,11,0,0,0,0,0,3,8.999,14,12,12,6,6,48,2,1,0,2,2,2,0,7,5,0,0,2,0,0,25,6,31,0,0,0,2,0,0,0,1.0
MBA,6339350,596884,40,12,14,2,1,24,2,12,6,2,0,0,6,0,1,0,2,0,2,9.0,6,7,5,7,11,42,1,0,0,1,2,1,0,7,2,0,0,3,0,0,26,5,32,1,0,0,0,0,0,0,
MBA,6339351,596747,34,5,9,0,0,15,2,5,5,0,0,0,9,2,1,0,0,0,4,8.002,12,12,9,8,4,50,5,1,0,1,3,3,0,2,1,0,1,1,0,0,24,11,38,3,0,1,4,0,0,0,1.0
MBA,6339351,596839,38,12,12,5,1,22,1,12,8,3,1,0,4,0,0,0,4,0,1,9.0,9,5,5,5,9,39,0,0,0,2,1,0,0,0,0,0,0,4,0,0,27,12,40,1,0,0,0,1,6,0,0.0
MBA,6339352,596737,31,6,10,1,0,14,1,5,2,1,1,1,8,2,0,0,0,0,3,9.002,13,5,2,3,9,45,2,0,0,1,0,2,1,0,0,1,0,2,0,0,27,8,37,2,0,0,1,0,3,0,1.0
MBA,6339352,596781,39,5,13,2,0,18,1,5,3,2,0,1,9,1,0,0,1,1,2,7.999,10,6,3,2,8,36,1,0,0,1,0,1,0,0,0,1,1,3,0,0,24,6,31,1,0,1,0,0,6,0,
MBA,6339354,596764,35,10,7,1,1,13,1,10,3,1,0,1,11,0,0,0,3,0,4,9.001,9,6,4,7,8,42,3,0,0,0,1,1,0,1,1,0,1,4,0,0,27,7,36,2,0,0,2,1,3,0,1.0
MBA,6339354,596922,33,6,9,3,0,12,0,5,7,1,1,0,8,1,2,0,2,0,4,9.0,7,10,9,3,11,40,1,1,0,1,0,1,0,2,2,1,0,4,0,0,27,7,37,3,0,0,6,0,0,0,1.0
MBA,6339355,596727,29,2,8,2,0,10,0,2,2,0,1,1,8,3,0,1,1,0,1,8.0,12,10,10,4,5,41,5,0,0,2,3,0,0,0,0,0,2,1,0,0,24,10,35,1,0,0,4,0,0,0,1.0
MBA,6339355,596939,35,10,12,5,0,23,2,9,4,0,2,0,5,0,0,0,4,0,1,9.0,8,2,1,2,8,33,2,0,0,0,0,0,0,0,0,1,1,1,0,1,26,9,35,0,0,0,1,0,8,0,1.0
MBA,6339356,596928,29,0,2,0,0,2,0,0,2,1,0,0,7,1,0,0,0,0,2,8.998999999999999,8,11,8,7,9,46,1,0,0,0,0,6,0,7,5,0,0,1,0,1,27,14,42,1,0,0,0,0,9,0,
MBA,6339356,596943,33,11,8,1,0,9,0,7,7,6,0,0,9,3,1,1,0,0,1,9.0,2,0,0,2,7,32,0,0,0,0,0,1,0,0,0,0,0,2,0,0,23,10,34,1,0,0,0,0,3,0,
MBA,6339357,596813,32,4,9,1,0,10,0,4,6,0,1,0,4,2,0,1,1,0,2,8.998999999999999,13,11,11,6,11,52,2,1,0,4,4,5,0,3,0,0,0,5,0,0,26,2,28,0,0,0,0,0,0,0,
MBA,6339357,596830,41,11,13,2,1,29,4,10,6,5,0,0,11,0,0,0,0,0,5,9.0,9,4,4,6,4,39,1,0,0,0,0,0,0,3,1,0,1,2,0,0,26,13,39,0,0,0,1,0,5,0,1.0
MBA,6339358,596875,28,9,10,1,0,14,1,8,9,2,2,1,7,0,0,0,5,0,3,8.998000000000001,6,3,2,5,11,37,1,0,1,0,0,2,0,6,0,0,0,5,0,0,27,7,37,3,0,0,0,1,0,0,0.0
MBA,6339358,596944,30,3,6,1,0,7,0,2,5,2,0,0,11,0,2,0,0,0,5,8.0,10,9,9,9,7,42,1,0,0,1,1,2,0,2,2,1,2,3,0,0,24,8,33,1,0,1,5,0,0,0,1.0
MBA,6339359,596731,37,8,13,3,0,22,2,8,3,1,0,0,2,0,1,0,2,0,1,8.999,8,3,3,5,4,41,2,0,0,0,1,0,0,3,0,1,0,0,0,0,26,6,33,1,0,0,0,0,0,0,
MBA,6339359,596814,35,3,8,2,0,10,0,3,5,0,0,1,4,0,0,0,0,0,0,8.0,13,8,8,3,2,41,3,0,0,2,0,1,0,1,1,0,0,1,0,0,24,7,32,1,0,0,2,0,0,0,1.0
MBA,6339360,596883,36,5,8,3,0,14,1,5,6,0,0,1,8,0,0,0,3,0,4,7.999,14,9,8,4,3,43,1,0,0,0,0,1,1,2,1,4,4,1,0,0,23,7,32,2,0,0,2,0,0,0,1.0
MBA,6339360,596940,30,9,14,1,0,15,0,8,4,1,4,4,3,0,0,0,2,1,1,9.0,8,5,4,6,8,43,3,0,0,1,2,0,0,3,0,1,0,4,0,0,27,8,37,2,0,0,3,0,0,0,1.0
MBA,6339361,596871,39,9,14,2,0,22,2,9,2,1,0,1,7,1,0,0,1,0,0,9.0,14,10,10,1,10,42,5,0,0,3,0,1,1,3,3,1,1,2,0,1,27,12,39,0,0,0,0,1,0,0,0.0
MBA,6339361,596960,38,10,14,5,0,28,3,10,1,1,1,1,10,0,1,1,0,1,2,9.0,14,9,9,2,7,43,2,0,0,2,1,1,0,0,0,1,0,0,0,0,27,4,31,0,0,0,1,0,2,0,1.0
MBA,6339362,596848,33,5,8,2,0,13,1,5,4,2,0,0,10,0,1,0,0,0,4,9.001000000000001,8,6,5,2,6,39,0,2,0,1,1,2,0,1,0,0,1,1,0,0,26,7,35,2,0,0,2,0,3,0,1.0
MBA,6339362,8054650,34,6,8,0,2,15,1,6,2,2,1,0,6,1,0,0,2,0,1,9.0,8,5,5,4,10,39,2,0,0,1,0,2,0,1,0,0,0,4,0,0,27,11,38,0,0,0,0,1,0,0,0.0
MBA,6339363,596775,25,1,6,0,1,8,0,1,3,0,0,1,7,1,0,0,0,0,3,6.999,6,2,2,1,10,28,1,0,0,0,0,0,0,1,0,0,0,3,0,0,21,7,28,0,0,0,0,0,0,0,
MBA,6339363,596951,27,2,6,1,0,7,0,2,1,0,0,0,10,0,0,0,0,0,3,7.0,6,1,1,3,7,29,0,1,0,0,0,0,0,0,0,1,0,3,0,0,21,7,28,0,0,1,0,0,3,0,
MBA,6339364,596769,31,12,9,3,0,21,3,12,6,2,0,1,6,2,0,0,0,0,3,9.0,12,9,7,3,4,44,2,0,0,2,0,2,0,0,0,2,0,0,0,1,27,14,44,3,0,0,2,0,6,0,1.0
MBA,6339364,596805,37,9,12,2,0,20,2,7,3,2,0,2,4,2,0,1,2,0,0,8.001000000000001,9,12,9,6,6,41,3,0,0,3,2,2,0,0,0,1,0,3,0,0,22,9,32,1,1,0,0,0,3,0,
MBA,6339365,596789,29,4,5,1,0,6,0,3,9,2,0,0,16,2,1,0,8,0,8,7.999,11,5,5,1,10,35,3,0,0,0,1,2,0,1,0,1,0,5,0,0,24,7,31,0,0,0,1,2,2,0,0.0
MBA,6339365,596913,31,5,11,3,0,14,0,5,1,2,0,1,10,1,2,0,1,0,5,9.001000000000001,5,4,3,9,16,40,1,0,0,0,2,2,0,1,0,0,0,8,0,0,26,10,37,1,0,0,8,1,5,0,1.0
MBA,6339366,596859,37,5,13,3,0,19,1,4,1,0,0,1,2,0,1,2,4,0,0,9.0,8,4,4,5,5,42,2,0,0,1,0,2,0,4,3,0,0,1,0,0,26,12,38,0,0,0,2,0,0,0,1.0
MBA,6339366,596958,35,4,8,2,0,13,1,4,5,2,0,0,5,0,0,0,2,0,1,8.668,13,5,5,1,2,39,3,0,0,1,0,0,0,2,1,1,0,0,0,1,25,11,36,0,0,0,4,0,0,0,1.0
MBA,6339367,596787,35,7,8,4,0,15,1,7,7,0,0,0,10,1,0,0,0,0,2,8.001000000000001,13,10,9,8,8,45,5,0,0,0,3,0,0,0,0,1,1,2,0,0,24,5,29,0,0,0,3,0,0,0,1.0
MBA,6339367,596886,35,10,13,5,0,18,0,9,8,0,1,1,8,0,0,0,3,0,2,8.998999999999999,8,7,7,7,10,42,4,0,0,1,0,0,0,0,0,0,0,2,0,0,27,9,37,1,0,0,0,0,3,0,
MBA,6339368,596746,31,12,10,3,0,16,1,12,6,5,0,2,9,0,2,0,1,0,0,9.0,7,7,7,1,6,38,1,0,0,1,2,3,0,0,0,1,2,1,0,0,26,11,38,1,0,1,1,0,0,0,1.0
MBA,6339368,596948,31,7,7,1,0,11,1,6,1,3,2,1,6,0,0,0,1,0,1,8.001,10,12,12,6,9,44,3,0,0,1,1,5,0,0,0,2,0,0,0,0,24,5,32,3,0,0,1,2,0,0,0.0
MBA,6339369,596800,30,4,6,2,0,11,1,4,5,0,2,0,5,2,0,0,1,0,1,9.0,11,15,15,10,7,48,2,0,0,3,2,2,1,7,5,1,1,0,0,0,27,11,38,0,0,0,0,0,5,0,
MBA,6339369,596838,34,15,11,2,0,22,3,14,10,2,1,1,7,2,0,0,2,1,0,9.0,6,4,3,5,5,37,2,0,0,1,1,0,0,1,0,0,2,1,0,0,27,10,38,1,0,0,1,0,5,0,1.0
MBA,6339370,596735,43,9,14,3,0,23,2,8,4,0,0,0,5,0,0,0,2,0,2,9.001000000000001,7,8,7,0,7,39,0,0,0,1,2,4,0,2,0,0,1,3,0,0,26,9,37,2,0,0,1,0,0,0,1.0
MBA,6339370,596804,34,8,7,0,0,10,1,7,0,4,1,0,7,0,0,0,1,0,3,8.998,14,9,8,4,5,47,3,0,0,2,2,0,0,3,2,0,0,2,0,0,25,12,39,2,0,0,2,0,0,0,1.0
MBA,6339371,596810,21,1,3,0,0,3,0,0,5,0,0,0,7,2,1,0,1,0,1,5.999,10,12,12,9,4,40,3,0,0,2,1,3,0,0,0,1,1,4,0,0,18,8,27,1,0,0,2,0,0,0,1.0
MBA,6339371,596854,26,12,10,3,0,19,2,12,9,3,1,1,4,0,0,0,2,0,4,7.0,3,1,0,5,7,26,0,0,0,0,1,0,0,0,0,0,0,1,0,0,21,10,31,0,0,0,1,1,6,0,0.0
MBA,6339372,596738,32,3,5,2,0,10,1,3,3,0,0,0,9,2,0,0,0,0,4,9.0,8,2,2,1,5,33,2,0,0,0,0,0,0,0,0,1,0,1,0,0,25,13,39,1,0,1,0,1,5,0,0.0
MBA,6339372,596801,31,2,8,2,0,10,0,2,1,0,0,1,5,2,1,0,0,0,1,9.0,5,3,3,3,9,35,2,0,0,1,1,0,0,0,0,0,0,4,0,0,25,10,35,0,0,1,0,0,6,0,
MBA,6339373,596831,38,8,15,4,1,21,0,7,2,1,1,0,5,3,1,0,1,0,3,8.998999999999999,14,15,13,8,7,51,5,1,0,2,1,2,0,6,5,0,1,2,0,0,26,13,42,3,0,0,3,0,3,0,1.0
MBA,6339373,596846,40,15,14,5,1,27,2,13,8,2,1,0,7,1,0,0,3,0,2,9.0,15,8,6,2,5,42,4,1,1,0,0,1,0,0,0,0,1,3,0,0,26,13,41,2,0,0,1,1,9,0,0.0
MBA,6339374,596811,37,16,16,6,0,25,1,15,7,5,1,0,6,1,1,0,1,0,2,7.999,20,26,21,11,10,59,1,1,0,5,3,2,2,0,0,0,0,3,0,0,23,9,34,2,0,3,0,0,3,0,
MBA,6339374,596956,46,26,20,1,1,38,5,22,11,2,0,0,10,1,0,0,0,2,3,8.001,16,16,16,7,6,50,6,0,1,1,3,5,0,0,0,0,1,2,0,0,23,7,30,0,0,0,1,0,3,0,1.0
MBA,6339375,596748,28,11,11,3,0,17,1,9,2,2,2,1,1,0,0,0,3,0,1,7.0,6,1,0,1,5,25,2,0,0,0,0,0,0,0,0,0,0,1,0,1,21,9,31,1,0,0,0,0,6,0,
MBA,6339375,596970,24,1,6,2,0,8,0,1,1,0,0,0,5,2,0,2,0,0,1,6.331,11,11,9,2,1,35,3,0,0,1,4,2,0,3,2,1,2,1,0,0,19,6,26,1,0,0,3,0,0,0,1.0
MBA,6339376,596877,34,8,8,2,0,13,1,8,7,0,0,0,8,1,0,0,0,0,3,9.0,8,2,1,2,11,42,0,0,0,0,0,4,0,0,0,0,1,1,0,0,27,6,34,1,0,0,1,0,0,0,1.0
MBA,6339376,596900,35,2,8,0,0,8,0,2,2,4,1,0,11,0,0,0,1,0,1,9.001,8,8,8,7,8,41,2,0,0,1,3,0,0,1,0,0,0,3,0,0,27,9,36,0,0,0,0,0,3,0,
MBA,6339377,596794,33,6,10,1,0,11,0,5,2,3,1,0,6,1,1,0,1,0,3,9.0,6,4,3,6,5,42,0,0,0,0,0,2,0,0,0,0,1,0,0,0,26,8,35,1,0,1,0,0,3,0,
MBA,6339377,596880,33,4,6,0,0,6,0,3,6,2,1,0,5,1,0,0,0,0,0,8.0,10,6,4,2,6,39,1,0,2,0,0,3,0,0,0,0,1,3,0,0,23,9,34,2,0,0,1,1,3,0,0.0
MBA,6339378,596919,26,2,2,1,0,3,0,2,4,1,0,0,3,1,0,0,0,0,1,6.0,21,22,17,3,8,49,7,1,2,2,0,4,0,2,2,0,0,4,0,0,18,7,28,3,0,0,4,0,0,0,1.0
MBA,6339378,596927,42,22,21,7,1,36,2,22,3,4,0,0,8,0,0,0,4,0,4,6.9990000000000006,2,2,0,4,3,31,1,0,0,0,0,1,0,3,0,0,0,1,0,0,20,7,31,4,0,0,0,0,2,0,
MBA,6339379,596771,35,5,6,0,0,6,0,5,3,4,0,0,9,3,0,0,1,0,1,8.999,16,11,8,6,10,49,3,0,0,1,1,0,0,6,6,2,3,3,0,0,26,8,36,2,0,0,2,1,3,0,1.0
MBA,6339379,596876,38,11,16,3,0,22,1,9,6,0,3,2,10,1,1,0,2,0,3,9.0,6,5,1,3,9,42,0,0,0,0,2,4,0,2,0,0,0,1,0,0,26,10,42,6,0,0,1,0,8,0,1.0
MBA,6339380,596736,38,5,12,1,0,13,0,5,6,3,1,0,12,0,1,0,2,0,5,7.999,8,7,5,5,9,39,3,1,0,1,1,2,0,2,2,1,0,2,0,0,24,8,34,2,0,0,3,0,0,0,1.0
MBA,6339380,596784,31,7,8,3,1,16,1,6,5,2,0,1,9,0,0,0,3,0,2,8.999,12,5,5,6,12,48,1,0,0,0,1,3,0,4,0,0,1,5,0,0,27,4,32,1,0,0,2,1,0,0,1.0
MBA,6339381,596835,26,15,7,1,0,8,0,14,17,4,1,0,2,0,0,0,3,0,1,7.0,6,1,1,1,10,27,1,0,0,0,0,0,0,0,0,0,0,2,0,0,21,5,26,0,0,0,0,0,0,0,
MBA,6339381,596954,26,1,6,1,0,7,0,1,1,0,0,0,10,0,0,0,0,0,2,6.001,7,15,13,17,2,48,1,0,0,0,2,4,0,4,3,0,1,1,0,0,18,4,24,2,0,0,3,0,0,0,1.0
MBA,6339382,596752,29,2,6,1,0,7,0,1,1,1,0,1,6,3,0,0,1,0,1,9.0,6,1,1,2,5,35,3,0,0,0,4,1,0,0,0,0,0,0,0,0,27,5,32,0,0,0,0,0,0,0,
MBA,6339382,596766,32,1,6,3,0,9,0,1,2,1,0,0,5,0,0,0,0,0,0,9.0,6,2,2,1,6,32,1,0,0,0,2,1,0,2,0,1,0,1,0,0,27,8,35,0,0,0,1,0,8,0,1.0
MBA,6339383,596873,34,11,12,4,2,20,0,10,9,0,1,0,5,0,2,0,7,0,3,9.0,12,8,7,8,11,46,1,1,0,0,2,2,0,0,0,1,1,3,0,0,27,7,34,0,0,1,4,1,1,0,1.0
MBA,6339383,596923,34,8,12,1,1,15,0,8,8,2,1,1,11,1,1,0,4,0,3,8.0,12,11,9,9,5,44,4,2,2,0,1,0,0,5,4,0,1,3,0,0,24,7,32,1,0,1,14,4,0,0,1.0
MBA,6339385,596965,32,7,8,1,0,12,1,7,5,2,1,1,9,0,1,0,0,0,3,8.001000000000001,4,9,9,6,6,39,1,1,0,0,2,6,0,4,3,1,1,1,0,1,23,6,29,0,0,1,2,0,0,0,1.0
MBA,6339385,596976,25,9,4,1,1,7,0,9,6,6,1,1,6,0,0,1,2,0,1,9.0,8,7,7,5,9,41,1,0,0,1,3,2,0,3,1,1,1,3,0,0,25,7,32,0,0,0,0,1,0,0,0.0
MBA,6339386,596754,38,7,10,0,0,10,0,7,7,1,1,0,6,0,1,0,2,0,5,10.002,4,6,4,6,10,43,1,0,0,0,1,2,0,3,0,1,3,3,0,0,30,12,45,3,0,0,3,0,0,0,1.0
MBA,6339386,596763,31,6,4,1,0,5,0,6,6,2,3,1,10,0,1,0,3,0,3,9.668,10,7,3,7,6,47,0,0,0,0,2,1,0,3,2,0,1,5,0,0,28,14,43,1,0,0,2,1,0,0,1.0
MBA,6339387,596774,36,3,10,2,0,12,0,3,3,2,0,0,12,0,1,0,1,0,2,9.0,9,4,3,6,9,43,0,0,0,0,1,3,0,4,0,2,0,5,0,0,27,10,38,1,0,1,2,0,5,0,1.0
MBA,6339387,596966,32,4,9,0,0,9,0,4,6,3,0,2,9,2,0,0,2,0,5,9.001000000000001,10,3,3,3,12,41,2,0,0,0,2,2,0,2,1,0,0,2,0,0,27,8,35,0,0,0,1,1,0,0,0.0
MBA,6339388,596911,39,13,15,3,1,29,3,12,8,3,0,1,4,0,0,0,1,0,0,9.001000000000001,8,10,3,10,7,49,1,0,0,1,0,3,0,9,4,0,0,2,0,0,26,9,36,1,0,1,1,0,0,0,1.0
MBA,6339388,596952,36,10,8,1,0,12,1,9,10,3,0,0,7,0,0,0,1,0,2,9.0,15,13,13,8,4,51,3,1,0,3,0,3,0,4,4,1,0,0,0,0,26,12,39,1,0,0,1,0,0,0,1.0
MBA,6339391,596751,34,3,8,2,0,16,2,3,4,2,0,0,9,0,1,0,0,0,1,8.0,11,9,7,7,8,44,2,1,0,1,3,2,1,3,3,1,2,1,0,1,24,3,27,0,0,1,4,0,0,0,1.0
MBA,6339391,596959,32,9,11,2,1,18,1,8,7,2,2,1,8,0,0,1,4,1,1,8.998999999999999,8,3,3,4,9,40,2,0,0,2,0,2,0,3,0,0,0,1,0,0,27,6,33,0,0,0,0,0,0,0,
MBA,6339392,596882,41,10,12,2,0,20,2,10,6,1,0,0,12,0,1,0,2,0,6,9.334,13,11,8,10,6,54,4,0,0,2,4,2,1,5,1,1,0,1,0,0,28,11,42,3,0,0,1,0,2,0,1.0
MBA,6339392,596934,41,11,13,4,0,23,2,10,10,2,0,1,6,1,0,0,1,1,1,9.998,12,10,10,6,12,48,2,0,0,2,1,1,0,8,4,0,0,6,0,0,29,10,40,1,0,0,2,0,0,0,1.0
MBA,6339393,596751,37,10,9,3,0,18,2,8,2,5,0,0,9,0,0,0,3,0,3,9.0,11,9,4,6,7,46,1,1,0,1,5,1,0,5,1,0,2,2,0,0,27,5,33,1,0,0,1,0,0,0,1.0
MBA,6339393,596789,37,9,11,1,1,17,1,9,6,1,2,0,7,0,0,0,1,0,2,8.001,9,10,7,2,9,44,3,0,0,2,0,5,0,5,0,0,0,3,0,0,22,7,33,4,0,0,3,0,0,0,1.0
MBA,6339394,596752,35,11,14,2,0,25,3,11,5,3,1,0,10,0,0,1,3,0,1,9.0,5,2,2,3,10,33,3,0,0,1,0,0,0,3,1,1,1,5,0,0,27,6,33,0,0,0,2,0,5,0,1.0
MBA,6339394,596766,28,2,5,3,0,11,1,2,3,0,1,1,10,2,0,0,1,0,5,7.999,14,11,11,5,10,44,2,0,0,3,2,3,0,6,2,0,1,1,0,1,24,4,28,0,0,0,3,0,0,0,1.0
MBA,6339395,596741,37,9,12,1,0,25,4,10,3,0,1,0,7,0,1,0,0,0,2,9.001,6,3,2,4,12,38,1,0,1,1,2,1,0,6,2,0,0,2,0,0,25,6,32,1,0,0,0,1,0,0,0.0
MBA,6339395,596937,33,3,6,1,0,10,1,3,4,1,0,0,12,0,1,0,0,0,2,4.668,6,5,4,2,5,23,0,0,0,3,0,0,0,0,0,0,0,2,0,0,27,7,36,2,0,0,1,1,0,0,0.0
MBA,6339397,596789,35,5,7,0,0,13,2,5,2,1,0,0,9,0,0,0,2,0,3,9.0,14,13,13,7,4,48,2,0,1,3,6,2,0,3,3,0,0,0,0,0,27,9,36,0,0,0,0,1,3,0,0.0
MBA,6339397,596841,39,13,14,2,0,25,3,11,7,2,0,0,4,1,1,0,0,0,0,9.0,7,5,5,2,9,38,0,0,0,2,2,1,0,0,0,0,0,3,0,0,27,8,36,1,0,0,2,0,0,0,1.0
MBA,6339398,596774,31,0,4,1,0,5,0,0,0,0,0,0,12,0,0,1,0,0,1,8.0,5,7,3,4,7,37,0,1,0,1,0,3,0,3,3,1,0,5,0,0,24,9,35,2,0,0,3,0,3,0,1.0
MBA,6339398,596959,29,7,5,0,1,10,1,7,4,3,0,1,7,1,0,0,3,0,5,9.0,4,0,0,0,12,31,1,0,0,0,0,0,0,1,0,0,0,1,0,0,26,10,37,1,0,0,0,0,0,0,
MBA,6339399,596801,35,5,9,2,0,11,0,5,2,0,0,0,11,3,0,0,2,0,2,8.998000000000001,8,9,6,5,10,42,1,0,0,1,3,3,0,0,0,0,1,2,0,0,27,9,37,1,0,0,1,1,3,0,0.0
MBA,6339399,596958,33,9,8,1,0,12,1,5,5,3,1,0,10,1,1,0,1,0,2,8.998999999999999,9,5,4,2,11,37,2,0,0,0,2,0,0,0,0,0,0,2,0,0,27,10,39,2,0,0,2,0,9,0,1.0
MBA,6339400,596851,24,3,4,1,0,8,1,3,3,2,1,0,3,0,0,0,0,0,2,7.001,20,16,12,6,9,50,4,1,0,2,4,1,0,4,1,1,0,1,0,1,21,3,27,3,0,0,5,0,0,0,1.0
MBA,6339400,8054726,42,16,20,4,1,32,2,12,6,1,0,1,9,0,0,1,5,0,1,7.0,4,3,3,3,3,30,1,0,0,1,1,2,0,2,1,0,1,2,0,0,20,9,29,0,0,0,0,0,0,0,
MBA,6339403,596741,47,7,15,2,0,20,1,6,3,3,0,0,11,1,1,0,5,0,3,9.997,15,8,7,3,13,46,5,0,0,1,1,1,0,4,0,1,0,2,0,0,30,12,44,2,0,0,4,3,3,0,1.0
MBA,6339403,596937,41,8,15,5,0,23,1,7,3,1,0,1,13,1,2,1,2,0,2,10.999,15,7,7,3,11,53,2,0,0,1,4,3,0,4,0,0,0,3,0,0,33,9,42,0,0,1,5,1,3,0,1.0
MBA,6339404,596774,23,0,2,2,0,4,0,0,1,0,0,0,6,0,0,0,0,0,3,6.999,11,10,5,5,4,35,1,0,0,2,1,1,0,0,0,1,1,2,0,1,21,10,32,1,0,3,2,3,0,0,0.0
MBA,6339404,596834,27,10,11,1,0,18,2,10,5,1,1,1,4,0,3,1,2,0,2,7.0,2,0,0,1,6,24,2,0,0,0,0,0,0,0,0,0,0,3,0,0,20,7,27,0,0,0,0,0,0,0,
MBA,6339405,596827,28,2,6,0,0,6,0,2,1,0,0,0,3,0,0,0,0,0,1,6.999,17,18,16,9,4,49,4,0,0,3,1,2,1,0,0,0,1,0,0,0,21,6,29,2,0,0,2,0,0,0,1.0
MBA,6339405,596957,37,18,17,4,0,30,3,15,9,2,1,0,4,0,0,0,1,1,0,7.0,6,2,2,1,3,29,0,0,0,0,0,0,0,0,0,0,0,1,0,0,21,6,28,1,0,0,0,0,0,0,
MBA,6339406,596805,34,5,8,0,0,11,1,3,3,1,0,1,6,0,1,0,3,0,3,8.0,10,12,7,9,6,47,2,0,0,0,1,3,0,0,0,0,1,1,0,0,24,7,33,2,0,1,1,0,0,0,1.0
MBA,6339406,596832,34,12,10,2,0,12,0,10,9,3,1,0,6,0,0,0,1,0,1,9.0,8,5,4,3,6,39,0,0,0,1,2,1,0,0,0,1,0,3,0,0,27,8,36,1,0,1,3,1,0,0,1.0
MBA,6339407,596733,34,4,7,0,0,7,0,4,7,1,0,0,7,1,0,0,0,0,2,8.002,12,10,10,8,7,43,4,0,0,0,3,0,0,0,0,0,1,2,0,0,24,7,33,2,0,0,0,1,3,0,0.0
MBA,6339407,596792,34,10,12,4,0,16,0,9,8,0,1,0,7,1,1,0,0,0,2,9.0,7,4,3,7,7,42,0,0,0,0,2,1,0,0,0,0,0,2,0,0,26,7,34,1,0,0,0,0,2,0,
MBA,6339408,596737,34,7,7,0,0,13,2,6,3,2,0,0,15,1,0,0,0,0,4,9.0,10,3,3,0,8,35,0,1,0,1,1,1,0,1,0,2,0,2,0,1,27,8,35,0,0,0,0,1,2,0,0.0
MBA,6339408,596836,32,3,10,0,1,15,1,3,0,1,0,2,8,1,1,1,0,0,2,9.0,7,7,4,3,15,39,0,0,0,2,2,2,0,0,0,0,0,4,0,0,27,5,33,1,0,0,0,0,2,0,
MBA,6339410,596799,27,14,9,2,0,17,2,11,10,1,1,0,2,1,0,0,2,0,0,7.332,6,3,3,2,7,27,1,0,0,0,3,0,0,0,0,0,0,3,0,0,21,9,30,0,0,0,0,1,2,0,0.0
MBA,6339410,596896,25,3,6,1,0,7,0,3,2,0,0,0,7,1,1,0,0,0,3,6.0,9,14,12,10,2,39,2,0,2,2,3,1,0,0,0,0,1,0,0,0,18,5,25,2,0,0,4,0,3,0,1.0
MBA,6339411,596900,26,11,9,2,0,14,1,9,3,4,1,0,2,1,0,0,3,0,1,7.0,2,1,1,6,9,29,0,0,0,0,2,1,0,0,0,1,0,3,0,0,21,7,28,0,0,0,2,1,0,0,1.0
MBA,6339411,596908,21,1,2,0,0,2,0,1,6,1,0,1,9,0,1,0,2,0,3,6.0,9,11,5,3,2,34,2,0,0,1,2,4,0,2,2,0,1,1,0,0,17,7,25,1,0,0,3,0,3,0,1.0
MBA,6339412,596731,48,18,19,3,1,39,5,17,7,0,0,0,7,0,0,0,1,0,2,9.0,9,9,7,6,7,45,2,0,0,2,3,4,0,6,1,1,2,1,0,0,27,9,37,1,0,1,3,1,3,0,1.0
MBA,6339412,596814,32,9,9,2,0,17,2,8,6,4,2,1,7,1,1,0,3,0,1,9.0,19,18,15,7,7,55,3,1,0,5,3,0,0,5,2,0,0,2,0,0,27,6,36,3,0,0,1,0,0,0,1.0
MBA,6339413,596739,37,16,13,4,0,17,0,16,4,4,1,0,7,0,1,0,4,0,2,8.998999999999999,7,6,4,9,8,45,0,0,0,1,1,1,0,0,0,0,1,1,0,0,27,7,36,2,0,2,0,0,3,0,
MBA,6339413,596838,34,6,7,0,0,10,1,6,9,1,1,0,8,1,0,0,0,0,1,7.999,13,16,15,4,7,46,4,0,0,0,2,4,0,0,0,0,1,2,0,0,24,5,31,2,0,0,4,1,0,0,1.0
MBA,6339414,596736,38,10,13,4,0,17,0,9,5,2,0,1,12,0,0,0,1,0,5,8.0,10,13,12,6,7,44,3,0,0,1,1,3,0,0,0,1,0,1,0,0,24,5,31,2,0,0,1,0,0,0,1.0
MBA,6339414,596760,34,13,10,3,0,16,1,12,6,3,0,1,7,0,0,0,1,0,1,9.0,13,10,9,5,12,46,4,0,0,0,0,2,0,0,0,1,0,5,0,0,27,8,35,0,0,0,1,0,0,0,1.0
MBA,6339416,596727,34,6,8,0,0,14,2,5,5,2,0,0,5,1,1,0,1,0,2,8.998999999999999,8,9,9,6,5,47,3,0,0,0,1,5,0,5,2,0,1,1,0,0,26,10,36,0,0,0,5,0,0,0,1.0
MBA,6339416,596837,35,9,8,3,0,11,0,9,6,5,1,0,5,0,0,0,5,0,1,9.0,8,6,5,5,5,41,0,0,0,2,2,2,0,5,3,0,0,2,0,0,26,10,39,3,0,0,1,1,3,0,0.0
MBA,6339417,596732,32,3,4,0,1,6,0,2,8,2,1,0,8,0,0,0,1,0,1,7.999,5,4,4,4,8,34,1,0,0,0,0,2,1,0,0,0,1,3,0,1,23,6,30,1,0,0,2,1,2,0,1.0
MBA,6339417,596734,27,4,5,1,0,6,0,4,4,2,1,0,8,1,1,1,2,1,3,9.0,4,3,3,8,8,43,0,1,0,0,2,2,0,0,0,0,1,1,0,0,26,8,35,1,0,0,1,0,0,0,1.0
MBA,6339418,596751,42,9,12,0,0,24,4,7,6,1,0,0,9,1,1,0,4,0,3,10.0,13,10,7,6,6,51,1,0,0,2,1,3,0,0,0,0,1,1,0,0,30,9,44,5,0,1,3,1,4,0,1.0
MBA,6339418,596789,41,10,13,1,0,20,2,9,6,3,1,0,6,2,1,0,3,0,1,10.001,12,9,7,6,9,49,0,0,0,4,2,1,0,0,0,0,0,3,0,0,30,11,43,2,0,1,4,1,3,0,1.0
MBA,6339419,596736,37,13,14,2,0,22,2,13,9,5,1,0,7,1,0,0,1,0,3,9.0,13,11,10,4,12,47,3,0,0,1,2,4,0,0,0,0,0,4,0,0,27,11,39,1,0,1,2,0,2,0,1.0
MBA,6339419,596803,39,11,13,3,0,19,1,8,4,4,0,0,12,1,0,0,2,0,4,8.332,14,13,13,9,7,52,2,0,0,2,2,5,0,0,0,0,1,3,0,0,25,9,34,0,0,0,1,0,3,0,1.0
MBA,6339420,596735,30,1,4,1,0,5,0,0,6,2,0,1,8,1,0,0,4,1,2,8.0,8,5,3,3,5,34,1,0,0,0,1,0,0,1,0,0,0,0,0,0,23,11,35,1,0,1,3,1,2,0,1.0
MBA,6339420,596800,31,5,8,1,0,9,0,5,3,0,0,0,5,1,1,0,5,0,0,9.0,4,1,1,6,8,39,1,0,0,0,3,2,1,0,0,1,0,2,0,0,27,6,33,0,0,0,4,0,1,0,1.0
MBA,6339421,596726,32,17,10,4,0,14,0,14,15,8,0,0,6,1,0,0,10,0,3,9.0,8,4,4,3,4,36,0,0,0,0,3,0,0,0,0,0,1,2,0,0,27,6,33,0,0,0,0,0,4,0,
MBA,6339421,596807,32,4,8,0,0,8,0,4,3,0,1,0,4,2,0,0,0,0,2,7.997,10,17,12,15,6,55,4,0,1,0,4,8,0,6,3,0,0,3,0,0,24,7,35,4,0,0,10,0,2,0,1.0
MBA,6339422,596738,43,3,13,0,0,16,1,2,4,0,0,0,6,2,0,0,1,1,3,11.0,5,2,1,3,8,44,1,0,0,0,0,3,0,3,1,2,0,4,0,0,33,9,43,1,0,0,3,1,0,0,1.0
MBA,6339422,596963,36,2,5,1,0,6,0,1,3,3,0,2,8,0,1,0,3,0,4,10.668,13,3,3,4,6,47,0,0,0,1,1,0,1,4,1,0,0,3,0,0,32,16,49,1,0,0,2,0,6,0,1.0
MBA,6339423,596728,34,6,10,2,0,18,2,6,6,0,0,1,4,0,2,0,2,1,2,9.0,6,2,1,5,9,39,1,0,0,0,3,1,0,3,0,0,0,6,0,0,27,6,34,1,0,0,1,0,0,0,1.0
MBA,6339423,596813,33,2,6,1,0,7,0,2,5,1,0,0,9,0,0,0,1,0,6,9.0,10,6,6,6,4,41,2,0,0,2,1,0,1,2,0,1,0,2,0,0,26,11,37,0,0,0,2,2,0,0,0.0
MBA,6339424,-1,56,18,14,0,4,28,2,18,16,4,2,2,8,2,0,2,4,0,2,18.0,14,10,8,14,18,80,4,0,0,2,0,2,0,0,0,0,0,6,0,0,54,25,80,1,0,0,10,0,8,0,1.0
MBA,6339424,596817,32,5,7,2,0,12,1,5,7,1,0,0,9,2,0,0,5,0,3,8.0,7,9,8,8,4,40,0,2,0,1,0,2,0,0,0,1,1,1,0,1,23,10,35,2,0,0,2,0,3,0,1.0
MBA,6339425,596731,35,4,11,3,0,14,0,3,4,2,0,0,9,1,1,0,2,0,1,8.997,8,7,7,4,12,37,2,0,0,3,0,1,0,1,0,1,1,4,0,0,26,5,31,0,0,0,0,3,0,0,0.0
MBA,6339425,596966,30,7,8,2,0,19,3,7,4,1,1,1,12,0,3,0,0,0,4,9.0,11,4,3,4,9,41,3,0,0,0,0,2,0,1,0,0,0,1,0,0,26,8,34,0,0,1,2,1,3,0,1.0
MBA,6339427,596839,33,7,6,1,0,10,1,4,6,3,1,0,4,1,0,0,0,0,0,8.999,8,9,8,5,12,42,2,0,0,1,1,2,0,6,5,0,0,2,0,0,27,5,33,1,0,0,4,1,0,0,1.0
MBA,6339427,596876,35,9,8,2,0,13,1,8,5,2,0,0,12,0,1,0,4,0,2,9.0,6,7,7,6,4,43,1,0,0,1,3,3,0,7,2,0,1,0,0,0,27,11,41,3,0,0,0,0,3,0,
MBA,6339428,596723,26,5,8,0,1,13,1,5,5,1,1,3,7,0,1,0,1,1,2,8.0,7,4,0,5,8,35,3,0,1,0,1,0,0,0,0,1,0,4,0,0,23,6,30,1,0,1,2,1,3,0,1.0
MBA,6339428,596934,29,4,7,3,0,10,0,3,5,0,0,1,8,1,1,0,2,0,4,7.332,8,5,5,5,7,36,0,1,0,1,0,1,1,2,1,3,1,2,0,0,22,9,32,1,0,0,1,1,0,0,0.0
MBA,6339430,596763,39,13,14,2,2,26,2,12,10,0,2,0,6,2,1,0,0,0,2,8.999,18,16,16,12,9,55,5,1,0,1,1,1,0,3,1,0,3,3,0,0,26,7,34,1,0,0,3,0,6,0,1.0
MBA,6339430,596882,39,16,18,5,1,28,1,16,12,1,3,0,9,3,1,0,3,0,3,8.999,14,13,6,10,6,51,2,2,1,2,0,0,0,4,4,0,2,2,0,0,27,11,41,3,0,2,0,1,5,0,0.0
MBA,6339431,596794,38,10,16,3,1,21,0,8,3,0,1,0,6,2,0,0,1,0,3,8.999,11,8,6,5,7,45,1,0,0,0,3,2,0,0,0,2,1,2,0,0,26,7,35,2,0,0,0,0,1,0,
MBA,6339431,596967,35,8,11,1,0,12,0,6,5,2,1,2,7,1,0,0,0,0,2,8.0,16,10,6,3,6,42,3,1,0,0,0,0,0,0,0,0,1,3,0,0,24,9,34,1,0,0,1,0,5,0,1.0
MBA,6339432,596742,31,3,5,1,0,9,1,1,4,1,0,0,11,1,0,0,1,0,2,8.999,14,12,12,7,11,49,3,0,0,0,4,2,1,8,4,0,0,3,0,1,25,11,37,1,0,0,3,0,0,0,1.0
MBA,6339432,596858,40,12,14,3,0,17,0,10,7,2,0,0,11,0,2,1,3,1,3,9.0,5,3,3,4,11,36,1,0,0,1,1,1,0,0,0,0,0,2,0,0,27,5,32,0,0,0,1,0,2,0,1.0
MBA,6339433,596791,30,7,9,3,1,17,1,6,5,1,1,0,2,2,0,0,3,0,0,9.0,8,5,4,2,12,35,0,0,0,0,0,0,0,3,3,0,0,2,0,0,27,5,33,1,0,0,0,0,3,0,
MBA,6339433,596837,33,5,8,0,0,8,0,3,2,0,0,0,12,1,0,0,0,0,2,8.001000000000001,9,7,7,5,2,37,3,1,0,1,2,1,0,2,0,0,1,0,0,0,24,12,36,0,0,0,3,0,6,0,1.0
MBA,6339434,596806,35,9,6,1,0,10,1,6,7,3,1,0,5,2,0,0,0,0,1,9.0,8,3,3,3,10,38,0,2,0,1,0,0,0,0,0,0,0,4,0,0,26,8,34,0,0,0,0,1,0,0,0.0
MBA,6339434,596824,35,3,8,0,2,15,1,3,3,0,0,0,10,0,1,0,0,0,4,9.0,6,9,4,7,5,46,1,0,0,1,1,3,0,3,1,0,1,1,0,0,26,10,40,4,0,3,0,0,5,0,
MBA,6339435,596786,30,4,8,2,0,10,0,4,2,2,2,2,7,0,0,1,1,0,3,9.0,8,2,1,1,9,35,0,0,0,0,0,1,0,2,0,0,0,1,0,0,26,7,34,1,0,0,1,0,2,0,1.0
MBA,6339435,596865,33,2,8,0,0,8,0,2,1,1,0,0,9,1,0,0,1,0,1,9.0,8,4,3,2,7,38,2,0,1,0,1,2,0,0,0,2,2,3,0,1,27,5,32,0,0,0,1,0,0,0,1.0
MBA,6339436,596761,33,4,7,1,1,13,1,4,3,0,0,0,11,0,1,0,2,0,2,8.998999999999999,9,6,6,3,9,38,1,0,0,1,2,1,0,0,0,0,0,0,0,0,26,11,38,1,0,0,4,1,2,0,1.0
MBA,6339436,596779,34,6,9,1,0,13,1,5,3,1,0,0,9,1,1,0,4,0,0,9.0,7,4,4,3,11,36,1,1,0,1,1,0,0,0,0,0,0,2,0,0,26,5,31,0,0,0,2,0,0,0,1.0
MBA,6339438,596813,55,8,14,3,1,22,1,7,6,4,0,1,6,0,0,1,2,1,1,13.0,13,6,5,5,12,56,0,0,0,0,3,1,1,1,0,0,1,1,0,1,37,8,46,1,0,1,1,0,2,0,1.0
MBA,6339438,596837,49,6,13,0,0,13,0,5,5,1,1,0,12,1,0,1,1,1,1,12.997,14,8,3,6,6,66,3,1,0,1,2,4,1,2,0,1,0,1,0,1,38,20,61,3,0,2,2,0,0,0,1.0
MBA,6339440,596935,36,4,11,3,1,19,1,4,3,2,0,0,5,2,0,1,1,0,1,8.0,6,6,6,4,7,36,2,0,0,0,2,1,0,0,0,1,0,1,0,0,24,10,34,0,0,0,2,0,0,0,1.0
MBA,6339440,596958,30,6,6,2,0,8,0,5,4,1,0,1,7,0,0,0,2,0,1,9.0,11,4,4,3,5,41,3,1,0,1,0,2,0,3,1,0,0,1,0,0,27,13,40,0,0,0,1,0,5,0,1.0
MBA,6339441,596731,33,4,9,4,0,13,0,4,3,1,0,1,11,0,0,1,0,0,2,8.997,10,5,3,3,9,40,3,0,0,2,1,1,0,4,1,0,0,1,0,0,27,8,37,2,0,0,5,0,2,0,1.0
MBA,6339441,596959,36,5,10,3,0,19,2,3,3,1,0,0,9,1,0,0,5,0,1,9.002,9,4,4,3,11,38,4,0,0,0,0,1,0,2,0,1,0,2,0,1,25,10,35,0,0,0,0,0,0,0,
MBA,6339442,596840,29,7,10,0,0,13,1,9,1,1,3,1,7,0,0,0,1,0,1,8.998999999999999,7,5,5,2,10,39,1,0,0,2,2,1,0,0,0,0,0,3,0,0,23,7,33,3,0,1,0,0,0,0,
MBA,6339442,596866,36,5,7,1,0,14,2,5,2,1,0,0,10,0,0,0,0,0,3,6.997999999999999,8,8,7,3,8,34,0,0,0,1,0,1,0,5,1,1,3,1,0,0,24,7,32,1,0,0,1,0,0,0,1.0
MBA,6339443,599994,26,8,4,0,0,7,1,8,6,1,0,0,12,0,0,0,0,0,6,7.0,12,22,21,16,3,50,4,0,0,2,1,1,0,0,0,0,1,0,0,0,20,6,27,1,0,1,2,0,0,0,1.0
MBA,6339443,8054812,32,22,12,4,0,22,2,20,16,1,1,0,3,0,0,0,1,0,0,7.0,4,8,3,6,12,33,0,0,0,1,1,1,0,3,3,0,0,6,0,0,20,5,26,1,0,0,0,0,0,0,
MBA,6339447,596785,32,3,8,1,0,12,1,3,5,1,0,0,6,1,0,0,0,0,0,9.0,12,9,8,3,2,42,2,0,0,1,1,2,0,0,0,1,0,0,0,0,25,14,40,1,0,0,2,1,0,0,1.0
MBA,6339447,596805,36,9,12,2,0,17,1,8,3,2,0,1,2,0,1,0,2,0,0,3.0,4,1,1,1,1,14,1,0,0,0,1,0,0,0,0,0,0,0,0,0,26,8,34,0,0,0,0,0,1,0,
MBA,6339448,596769,40,4,10,3,0,13,0,4,0,1,0,0,9,1,0,0,0,0,4,8.998999999999999,8,7,4,3,3,43,1,0,0,1,0,4,0,0,0,1,2,1,0,0,27,12,44,5,0,0,4,1,5,0,1.0
MBA,6339448,596832,33,7,8,1,0,12,1,7,3,4,2,1,3,2,1,0,4,0,1,9.001000000000001,10,4,3,0,9,41,3,0,0,0,0,1,0,0,0,0,0,4,0,0,26,11,40,3,0,0,0,0,3,0,
MBA,6339449,596793,33,4,7,2,0,9,0,4,4,0,1,0,7,1,0,0,1,0,1,8.0,14,13,8,2,4,46,1,0,2,1,1,4,0,2,2,2,1,2,0,0,24,10,36,2,0,0,3,0,0,0,1.0
MBA,6339449,596922,37,13,14,1,0,18,1,10,2,4,1,2,4,0,0,0,3,0,2,9.0,7,4,3,4,7,38,2,0,0,0,0,0,0,0,0,0,1,1,0,0,26,9,37,2,0,0,1,0,3,0,1.0
MBA,6339450,596786,33,2,5,0,1,7,0,2,2,1,0,0,10,0,0,0,0,0,2,8.0,5,3,0,3,8,33,1,0,0,0,1,1,0,0,0,0,0,2,0,0,24,6,30,0,0,0,0,1,0,0,0.0
MBA,6339450,596865,29,3,5,1,0,6,0,0,3,1,0,0,8,0,1,0,0,0,2,9.0,5,2,1,2,10,36,0,1,0,0,0,1,0,1,0,0,0,2,0,0,25,10,36,1,0,0,0,0,0,0,
MBA,6339452,596763,25,4,7,2,0,12,1,4,2,0,0,0,10,0,0,0,1,0,2,7.0,5,0,0,0,5,23,0,0,0,0,0,0,0,0,0,0,0,0,0,0,20,7,27,0,0,0,0,0,6,0,
MBA,6339452,596882,23,0,5,0,0,5,0,0,0,0,0,0,5,3,0,0,0,0,0,6.0,7,4,4,2,10,27,2,0,1,1,1,0,0,0,0,0,0,2,0,0,18,3,21,0,0,1,1,0,0,0,1.0
MBA,6339454,597114,33,0,9,1,0,10,0,0,4,1,0,0,6,2,1,0,1,0,0,7.997,9,8,5,6,6,45,2,0,0,0,2,4,0,0,0,0,1,1,0,1,22,12,37,3,0,0,0,0,0,0,
MBA,6339454,597151,34,8,9,2,0,11,0,6,6,4,1,0,6,0,0,1,0,0,1,9.0,9,0,0,4,6,38,1,0,0,0,0,1,0,0,0,0,0,0,0,0,27,10,37,0,0,0,1,1,3,0,0.0
MBA,6339455,596810,28,4,4,1,0,5,0,3,5,3,0,3,9,1,1,0,0,0,0,9.0,10,3,1,1,0,34,1,1,0,0,0,0,0,0,0,1,0,0,0,0,26,15,42,1,0,0,2,1,10,0,1.0
MBA,6339455,596811,32,3,10,1,1,13,0,3,1,0,0,1,0,4,1,0,2,0,0,8.333,4,4,3,5,9,39,1,0,0,0,2,3,0,0,0,3,0,0,0,0,25,9,38,4,0,1,0,1,1,0,0.0
MBA,6339457,596817,18,1,3,1,0,4,0,0,3,0,0,0,6,1,1,0,0,0,4,3.0,3,4,0,3,3,16,2,0,0,0,0,0,0,0,0,0,1,1,0,0,17,7,25,1,0,0,1,0,6,0,1.0
MBA,6339457,596973,28,4,6,2,0,8,0,4,5,0,1,0,5,2,0,0,1,0,2,9.0,4,3,2,6,9,37,1,0,2,0,1,1,0,0,0,0,0,4,0,0,26,10,38,2,0,0,0,1,6,0,0.0
MBA,6339458,596919,33,11,8,0,0,8,0,10,11,2,3,0,9,0,0,1,4,0,0,9.0,7,5,5,6,7,41,2,1,0,0,1,2,0,3,2,1,0,0,0,0,27,6,34,1,0,0,1,0,4,0,1.0
MBA,6339458,596962,32,5,7,2,1,11,0,5,6,2,0,1,7,2,0,0,1,0,0,9.001000000000001,8,11,9,11,9,49,0,0,0,0,1,2,0,8,8,0,3,0,0,1,27,6,35,2,0,0,4,0,0,0,1.0
MBA,6339459,596771,40,6,13,1,0,14,0,6,3,1,1,3,7,0,0,0,5,1,2,10.003,13,5,4,6,12,46,2,0,0,0,1,0,0,4,0,1,1,4,0,0,30,8,39,1,0,0,0,0,3,0,
MBA,6339459,596951,37,5,13,2,0,15,0,5,5,0,1,1,12,1,0,2,0,0,4,9.667,13,6,4,3,7,48,1,0,0,0,1,1,1,0,0,3,1,2,0,0,27,6,34,1,0,0,5,0,0,0,1.0
MBA,6339460,596776,33,2,8,1,0,9,0,1,1,0,0,0,8,1,0,0,1,1,2,9.001000000000001,4,2,1,0,10,32,0,0,0,1,0,0,0,0,0,2,0,2,0,0,27,14,42,1,0,0,1,0,0,0,1.0
MBA,6339460,596931,30,2,4,0,0,7,1,1,0,0,0,2,10,0,0,0,1,0,2,8.668,9,3,3,1,8,35,1,0,0,1,1,0,1,0,0,0,0,2,0,0,26,10,36,0,0,0,1,0,2,0,1.0
MBA,6339461,596730,28,14,11,2,0,16,1,14,5,2,1,0,4,0,1,0,3,0,2,7.0,7,2,1,1,9,28,1,1,0,0,0,0,0,0,0,0,0,2,0,1,21,3,25,1,0,1,0,1,0,0,0.0
MBA,6339461,596822,9,2,2,0,1,4,0,1,0,0,0,0,2,0,0,0,0,0,1,4.0,8,11,9,2,4,24,1,0,0,1,3,1,0,0,0,0,0,2,0,0,8,2,10,0,0,0,3,1,0,0,1.0
MBA,6339462,8054850,28,7,8,0,1,10,0,4,8,3,1,0,5,0,2,1,0,0,1,9.0,7,0,0,9,11,42,1,0,0,0,0,2,0,0,0,0,0,6,0,0,27,8,36,1,0,0,1,2,0,0,0.0
MBA,6339463,596765,33,8,10,3,0,16,1,7,3,0,1,0,7,0,0,0,1,0,4,9.0,5,0,0,2,8,35,0,0,0,0,2,0,0,0,0,0,0,3,0,0,26,2,29,1,0,0,1,0,0,0,1.0
MBA,6339463,596828,33,0,5,0,0,5,0,0,2,0,0,0,8,0,0,0,1,0,3,7.999,10,8,8,3,7,37,3,0,0,1,2,0,0,0,0,0,1,4,0,0,23,5,28,0,0,0,1,0,0,0,1.0
MBA,6339464,596901,29,3,10,2,0,15,1,3,3,1,1,0,7,1,0,0,0,0,5,5.0,2,0,0,1,4,19,0,0,0,0,1,1,0,0,0,0,0,1,0,0,21,5,27,1,0,0,0,1,0,0,0.0
MBA,6339464,596944,22,0,3,0,0,3,0,0,0,2,0,0,8,0,1,0,0,0,1,7.0,10,3,3,3,7,34,2,0,0,1,0,1,0,0,0,0,1,5,0,0,20,4,24,0,0,0,0,0,3,0,
MBA,6339466,596752,32,2,7,1,0,8,0,1,4,0,0,0,10,1,0,1,1,0,4,8.0,10,7,7,2,5,39,2,1,0,1,0,2,0,3,2,0,1,0,0,0,22,6,30,2,0,0,1,1,0,0,0.0
MBA,6339466,596858,34,7,10,2,1,17,1,7,2,2,1,0,5,0,1,0,1,0,0,9.0,7,2,2,4,10,36,1,0,0,0,2,0,0,0,0,0,0,4,0,1,27,7,35,1,0,0,1,0,2,0,1.0
MBA,6339467,597100,41,11,13,1,0,17,1,9,4,0,0,2,5,0,0,0,3,0,0,7.999,12,12,12,4,7,40,3,0,0,1,3,0,0,0,0,0,0,4,0,0,23,4,27,0,0,0,1,0,0,0,1.0
MBA,6339467,597276,36,12,12,3,0,18,1,12,4,0,0,0,7,0,0,0,1,0,4,9.0,13,11,7,4,5,47,1,0,0,1,2,0,0,0,0,2,0,0,0,0,27,15,44,2,0,0,3,0,0,0,1.0
MBA,6339468,596746,40,8,18,4,0,22,0,7,4,4,1,1,5,0,0,1,1,0,1,9.0,6,5,5,7,13,39,0,0,0,2,0,2,0,2,1,0,1,4,0,1,26,11,37,0,0,0,1,0,6,0,1.0
MBA,6339468,596883,29,5,6,0,0,12,2,5,7,2,1,0,13,2,0,1,1,0,4,9.0,18,8,7,4,5,50,4,0,1,0,0,4,0,2,1,1,1,1,0,1,26,14,41,1,0,0,1,0,0,0,1.0
MBA,6339469,596737,31,5,10,2,0,18,2,5,2,0,1,2,10,0,1,0,2,0,4,9.0,3,2,1,5,6,37,1,0,0,0,0,1,0,0,0,1,1,2,0,0,27,5,34,2,0,0,1,0,3,0,1.0
MBA,6339469,596939,29,2,3,1,0,4,0,2,5,1,1,1,6,1,0,0,1,0,2,8.0,10,5,5,2,10,36,2,0,0,2,1,0,0,0,0,2,1,4,0,0,24,8,33,1,0,0,2,1,0,0,1.0
MBA,6339472,596867,27,10,7,1,0,11,1,10,11,3,4,1,9,1,1,0,1,0,4,9.001,11,12,4,3,12,45,1,0,0,3,2,4,0,2,0,0,0,1,0,0,27,9,39,3,0,0,0,1,0,0,0.0
MBA,6339472,596927,38,12,11,1,0,21,3,10,3,4,0,0,12,0,1,1,0,0,1,6.0,4,6,5,6,6,29,0,0,0,1,1,2,0,3,3,1,4,2,0,0,27,8,35,0,0,2,1,0,3,0,1.0
MBA,6339473,596869,34,7,9,3,2,16,0,6,5,1,0,0,6,2,0,1,2,0,2,8.999,12,9,7,4,10,43,1,1,0,0,0,0,0,8,3,0,3,1,0,0,27,7,36,2,0,0,2,0,3,0,1.0
MBA,6339473,596971,36,9,12,1,1,15,0,9,4,0,3,0,10,1,0,0,2,0,1,9.0,9,7,5,5,6,40,3,2,0,0,1,1,0,2,0,0,0,2,0,1,26,10,37,1,0,1,2,0,5,0,1.0
MBA,6339474,596741,32,4,9,4,0,13,0,3,3,0,1,0,5,1,0,0,0,0,2,9.0,5,2,2,2,7,35,2,0,0,0,0,2,0,2,1,0,0,2,0,0,24,6,30,0,0,0,0,1,0,0,0.0
MBA,6339474,596868,31,2,5,2,0,7,0,2,2,2,0,0,7,0,1,0,0,0,2,9.0,10,5,4,4,5,41,4,0,0,0,2,1,0,4,2,0,1,2,0,0,27,11,41,3,0,0,1,0,6,0,1.0
MBA,6339475,596834,32,10,8,0,0,11,1,7,10,2,0,1,9,0,0,0,1,0,4,9.0,8,6,6,1,10,39,0,0,0,1,2,2,0,2,0,1,0,2,0,0,26,9,36,1,0,0,0,0,0,0,
MBA,6339475,596942,32,6,7,0,0,10,1,4,1,2,0,0,10,0,0,0,0,0,2,8.0,8,10,10,10,9,45,0,0,0,1,4,2,0,2,0,1,0,4,0,0,14,4,18,0,0,0,0,0,0,0,
MBA,6339476,596826,32,14,12,2,1,22,2,13,6,3,0,1,4,2,0,0,5,0,1,8.0,5,4,2,2,9,32,0,0,0,1,0,0,0,0,0,0,1,3,0,0,24,5,30,1,0,0,1,0,0,0,1.0
MBA,6339476,596876,29,4,5,0,0,8,1,4,2,0,1,0,9,0,0,0,1,0,3,7.0,12,14,12,6,4,42,2,1,0,2,3,3,0,3,1,1,0,1,0,0,21,9,32,2,0,1,5,0,6,0,1.0
MBA,6339477,596743,32,6,8,4,0,15,1,6,1,4,0,0,6,0,0,0,2,0,0,9.001,6,1,1,1,8,33,0,0,0,0,1,0,0,1,0,0,0,3,0,0,27,14,42,1,0,0,2,1,3,0,1.0
MBA,6339477,596918,18,1,5,0,0,5,0,0,1,0,0,0,3,1,1,0,1,0,1,5.0,8,6,6,1,3,26,4,0,1,1,0,2,0,0,0,0,0,0,0,0,20,7,27,0,0,0,2,0,0,0,1.0
MBA,6339478,596766,31,1,5,2,0,7,0,1,4,0,0,0,9,0,1,0,4,0,1,8.0,4,3,3,3,4,30,1,1,0,0,1,0,0,0,0,0,0,1,0,0,24,7,31,0,0,0,0,0,3,0,
MBA,6339478,596794,27,3,4,1,1,7,0,3,3,0,0,0,4,1,0,0,0,0,1,9.0,5,1,1,4,9,35,2,0,0,0,0,0,0,0,0,0,0,1,0,0,27,7,34,0,0,0,4,1,0,0,1.0
MBA,6339479,596804,30,2,6,0,0,9,1,2,4,0,1,0,12,1,1,0,0,0,0,8.333,9,3,3,3,6,39,1,0,0,0,0,2,0,0,0,0,0,0,0,0,25,13,38,0,0,0,3,0,0,0,1.0
MBA,6339479,596911,34,3,9,1,0,10,0,3,3,2,0,0,6,0,0,0,3,0,0,9.0,6,2,2,4,12,35,0,0,0,1,1,0,0,2,1,0,1,0,0,0,27,8,35,0,0,0,0,1,3,0,0.0
MBA,6339480,596742,31,6,8,0,0,8,0,5,2,2,0,1,5,0,0,1,0,0,2,9.0,9,2,2,0,5,35,3,0,0,0,1,1,0,2,0,0,0,1,0,0,27,10,37,0,0,1,1,0,3,0,1.0
MBA,6339480,596966,34,2,9,3,0,12,0,2,0,1,0,0,5,1,0,0,1,0,1,8.0,8,6,6,2,5,36,0,0,0,0,2,2,0,0,0,1,0,2,0,1,24,7,32,1,0,0,0,0,0,0,
MBA,6339482,596733,36,11,14,3,2,21,0,10,3,2,0,0,4,0,0,0,0,0,1,9.0,6,6,4,3,10,38,1,1,0,1,1,0,0,0,0,0,0,3,0,0,27,4,33,2,0,0,0,0,0,0,
MBA,6339482,596877,35,6,6,1,1,12,1,6,3,0,0,0,10,0,0,0,0,0,3,7.999,18,15,14,4,5,50,4,2,0,1,3,2,0,0,0,0,1,2,0,0,20,10,33,3,0,0,0,0,0,0,
MBA,6339483,597008,38,9,12,4,0,16,0,8,5,3,1,1,7,0,0,0,1,0,3,9.0,17,11,8,3,7,47,2,0,1,2,0,0,0,0,0,2,0,1,0,0,26,7,35,2,0,0,0,0,3,0,
MBA,6339483,597075,42,10,17,2,0,25,2,11,3,0,0,2,7,1,0,0,0,0,1,9.0,12,9,8,5,7,48,4,0,0,0,1,3,0,0,0,1,1,3,0,0,27,8,36,1,0,1,1,0,0,0,1.0
MBA,6339484,596790,40,5,8,0,1,10,0,5,6,3,1,1,8,0,0,0,3,0,2,10.999,12,10,6,7,15,54,2,1,0,1,4,2,0,0,0,0,1,7,0,1,33,4,38,1,0,2,4,0,0,0,1.0
MBA,6339484,596802,44,10,12,2,1,19,1,9,7,2,1,0,15,0,0,1,4,0,7,11.001,8,5,5,6,8,51,0,1,0,0,1,3,0,0,0,1,1,2,0,0,33,14,47,0,0,1,3,0,0,0,1.0
MBA,6339486,596841,25,13,11,2,0,16,1,11,9,2,4,1,6,0,1,0,2,0,2,7.0,5,3,3,4,5,30,1,0,0,1,1,1,0,0,0,0,0,0,0,0,20,5,25,0,0,0,0,0,3,0,
MBA,6339486,596907,25,3,5,1,0,9,1,3,4,1,0,0,5,1,0,0,0,0,0,6.667,11,13,11,9,6,41,2,0,0,1,4,2,0,3,3,1,4,2,0,0,20,7,27,0,0,3,2,1,0,0,1.0
MBA,6339487,596873,34,13,12,1,0,16,1,10,7,1,2,0,4,0,2,0,11,0,0,8.998,7,4,4,3,7,38,3,0,0,0,0,2,0,2,0,0,0,2,0,0,27,15,42,0,0,0,0,0,3,0,
MBA,6339487,596952,33,4,7,3,0,10,0,4,3,2,0,0,7,1,0,0,0,0,2,8.0,12,13,8,7,4,44,1,0,0,1,0,1,0,0,0,0,2,0,0,0,24,11,39,4,0,0,11,2,0,0,1.0
MBA,6339489,596751,41,8,14,3,1,25,2,8,1,1,0,0,10,1,1,0,0,0,2,9.001000000000001,21,19,17,5,7,56,4,0,0,3,1,1,0,0,0,2,1,3,0,0,27,7,36,2,0,0,1,0,0,0,1.0
MBA,6339489,596814,47,19,21,4,0,34,3,17,5,1,1,2,7,0,0,0,1,0,3,9.332,14,8,8,1,10,43,3,1,0,2,1,1,0,0,0,0,0,2,0,0,26,7,34,1,0,0,0,1,2,0,0.0
MBA,6339491,597011,32,11,13,4,0,17,0,9,7,1,1,1,4,1,0,0,1,0,0,9.0,9,5,5,5,7,40,1,1,0,1,1,0,0,0,0,0,0,0,0,0,27,9,36,0,0,0,0,0,3,0,
MBA,6339491,597117,35,5,9,1,1,15,1,4,5,0,0,0,7,1,0,0,0,0,0,6.999,11,11,5,7,5,41,2,0,0,0,2,2,0,0,0,1,2,0,0,0,24,12,38,2,0,0,1,0,0,0,1.0
MBA,6339492,596747,31,1,7,2,0,9,0,1,1,1,0,2,9,1,1,0,0,0,2,8.0,8,10,5,9,6,44,0,3,0,1,0,1,0,0,0,1,1,2,0,0,24,4,32,4,0,0,0,1,0,0,0.0
MBA,6339492,596871,32,10,8,0,3,17,1,9,9,1,1,1,6,0,1,0,0,0,2,9.0,7,1,1,1,9,35,2,0,0,0,0,1,0,0,0,2,0,2,0,0,27,10,38,1,0,0,0,1,3,0,0.0
MBA,6339494,596726,25,4,5,1,0,9,1,5,5,1,0,0,5,1,0,0,4,0,1,8.668,6,4,3,3,11,36,0,0,0,0,0,1,0,0,0,0,0,2,0,0,7,8,16,1,0,0,0,0,2,0,
MBA,6339494,596878,29,4,5,0,0,5,0,2,4,2,0,0,10,1,0,0,1,0,1,7.999,8,7,6,8,6,39,2,0,0,1,1,1,0,0,0,0,0,2,0,0,18,6,24,0,0,0,0,0,2,0,
MBA,6339495,596836,33,3,8,1,0,12,1,3,4,2,0,0,10,0,2,0,0,0,2,7.999,11,11,11,6,3,43,2,1,0,0,3,2,0,3,2,0,0,0,0,0,24,6,31,1,0,0,2,0,0,0,1.0
MBA,6339495,596880,35,11,11,2,1,15,0,8,6,2,0,0,3,0,0,0,2,0,0,9.0,8,3,3,4,10,39,1,0,0,1,0,2,0,0,0,0,0,2,0,0,26,14,41,1,0,0,0,2,0,0,0.0
MBA,6339496,596772,42,6,15,3,0,21,1,5,2,0,0,1,6,1,0,0,1,0,1,8.0,7,10,7,9,1,43,1,0,1,0,4,6,0,0,0,0,0,1,0,1,24,12,38,2,0,0,6,1,3,0,1.0
MBA,6339496,596963,28,10,7,1,0,8,0,8,9,6,0,0,1,1,1,1,6,0,1,9.0,15,6,4,2,6,45,3,0,0,1,0,0,0,0,0,1,0,1,0,0,26,11,39,2,0,0,1,0,3,0,1.0
MBA,6339497,596739,30,13,11,2,1,15,0,13,8,3,2,3,4,1,0,0,1,0,2,9.0,5,0,0,2,6,34,0,0,0,0,0,0,0,0,0,0,0,4,0,0,26,5,31,0,0,0,0,0,0,0,
MBA,6339497,596945,27,0,4,0,0,4,0,0,1,0,0,0,5,0,0,0,0,0,4,5.332,11,13,12,8,1,36,2,1,0,0,0,1,0,0,0,3,2,0,0,0,19,9,30,2,0,0,1,0,2,0,1.0
MBA,6339498,596784,36,5,6,0,1,14,2,5,1,2,0,0,10,0,0,0,0,0,1,9.0,12,10,6,8,11,47,1,1,0,2,6,2,0,4,2,0,1,2,0,0,27,6,34,1,0,1,1,1,2,0,0.0
MBA,6339498,596838,36,10,12,1,1,21,2,7,8,2,1,0,11,1,1,1,1,0,2,8.999,6,5,3,1,10,39,0,1,0,2,0,2,0,1,0,0,0,1,0,0,27,12,41,2,0,2,0,0,0,0,
MBA,6339500,596748,26,4,5,1,0,6,0,4,1,1,1,1,13,1,0,0,2,0,2,6.001,9,14,12,13,5,40,1,2,0,1,0,1,0,0,0,0,0,1,0,0,17,4,23,2,0,0,2,2,0,0,0.0
MBA,6339500,596833,26,14,9,1,2,17,1,10,13,1,0,0,5,0,2,0,2,0,1,7.0,5,4,3,1,13,30,1,0,0,0,3,1,0,0,0,1,1,2,0,0,21,5,28,2,0,0,2,0,3,0,1.0
MBA,6339501,596781,34,4,9,2,0,17,2,4,3,1,1,1,8,0,0,0,0,0,2,9.0,3,0,0,1,12,31,1,0,0,0,2,2,0,0,0,0,0,7,0,0,26,10,36,0,0,0,0,0,3,0,
MBA,6339501,596943,28,0,3,1,0,4,0,0,1,2,0,0,12,1,0,0,0,0,7,9.0,9,4,4,3,8,40,2,0,0,2,0,1,0,0,0,1,1,2,0,0,26,6,32,0,0,0,0,0,0,0,
MBA,6339502,596787,29,8,9,1,1,15,1,8,11,2,1,1,7,1,1,0,0,0,3,9.0,8,2,2,2,7,37,2,0,1,1,1,1,0,0,0,0,0,3,0,0,27,10,37,0,0,1,0,0,3,0,
MBA,6339502,596928,34,2,8,2,0,13,1,2,2,1,0,0,7,1,0,0,0,0,3,8.0,9,8,8,11,7,44,1,1,0,1,0,2,0,0,0,1,1,3,0,0,24,6,30,0,0,0,0,1,3,0,0.0
MBA,6339504,596859,30,2,3,1,0,7,1,2,3,0,0,0,9,0,0,0,1,0,5,9.0,6,7,7,7,12,44,1,0,0,2,2,2,0,0,0,2,0,4,0,0,26,7,35,2,0,0,1,0,0,0,1.0
MBA,6339504,596862,22,6,6,1,0,13,2,5,5,1,0,2,7,0,0,0,1,0,2,7.0,2,0,0,2,7,25,1,0,0,0,0,0,0,0,0,0,0,3,0,0,18,1,19,0,0,0,1,0,0,0,1.0
MBA,6339505,596728,31,1,6,1,0,7,0,1,7,0,0,0,11,2,1,0,0,0,3,8.0,5,4,4,2,7,33,2,0,0,0,0,2,0,0,0,0,0,1,0,0,24,4,28,0,0,0,6,0,0,0,1.0
MBA,6339505,596886,29,4,5,2,0,7,0,4,2,2,0,0,7,0,0,0,6,0,1,9.0,6,1,1,7,11,38,1,0,0,0,0,0,0,0,0,0,0,3,0,0,27,8,36,1,0,1,0,1,6,0,0.0
MBA,6339506,597143,40,6,10,4,0,17,1,6,2,2,1,1,12,1,1,0,0,0,4,10.334,10,7,7,8,9,57,2,1,0,0,1,7,1,0,0,4,1,2,0,0,30,8,41,3,0,1,4,0,3,0,1.0
MBA,6339506,597176,37,7,10,2,1,14,0,6,8,7,1,4,9,1,1,0,4,1,2,11.001,10,6,3,2,12,46,4,0,0,1,0,2,0,0,0,1,1,4,0,0,33,7,43,3,0,0,0,1,2,0,0.0
MBA,6339507,596762,16,4,2,1,0,3,0,0,7,1,0,0,1,1,0,0,0,0,0,6.666,5,4,2,5,5,31,1,0,0,0,0,1,0,6,3,0,0,2,0,0,21,5,27,1,0,0,3,1,4,0,1.0
MBA,6339507,596820,37,11,9,2,0,11,0,7,9,2,0,0,9,2,1,0,3,0,3,9.0,8,10,8,9,4,47,2,1,1,0,4,2,0,1,0,1,1,1,0,0,27,9,37,1,0,0,3,0,3,0,1.0
MBA,6339509,596797,37,11,14,3,1,22,1,11,4,2,1,1,8,0,0,0,1,0,5,9.0,9,8,7,1,14,39,0,0,0,1,0,1,0,0,0,1,0,7,0,0,26,11,39,2,0,0,1,0,0,0,1.0
MBA,6339509,596967,36,8,9,0,0,12,1,7,1,1,0,1,14,0,0,0,1,0,7,8.0,14,11,8,4,8,45,3,1,0,1,0,2,0,0,0,1,1,5,0,0,24,8,34,2,0,0,1,0,0,0,1.0
MBA,6339510,596812,35,8,12,3,0,18,1,7,4,1,1,1,2,1,1,1,3,0,0,8.998999999999999,10,5,4,5,8,41,2,0,1,1,3,0,0,0,0,0,0,2,0,0,27,7,36,2,0,0,3,0,6,0,1.0
MBA,6339510,596932,36,5,10,2,0,15,1,5,5,0,0,0,8,3,0,0,3,0,2,9.0,12,8,5,4,2,42,3,0,1,1,0,1,0,0,0,1,1,0,0,1,27,15,44,2,0,0,3,1,0,0,1.0
MBA,6339511,596792,36,2,8,0,0,8,0,2,1,1,1,0,6,1,1,0,2,0,0,8.333,6,3,2,1,5,32,0,0,0,1,2,1,0,0,0,0,1,1,0,0,22,11,33,0,0,1,1,0,3,0,1.0
MBA,6339511,596885,27,3,6,0,0,9,1,2,1,1,1,0,5,1,0,0,1,0,1,9.0,8,2,2,1,6,39,0,0,1,0,0,1,0,0,0,0,1,0,0,0,24,6,33,3,0,0,2,1,1,0,1.0
MBA,6339513,596727,34,14,14,3,1,22,1,14,9,5,2,0,4,1,0,0,3,0,1,9.0,7,3,3,1,6,34,1,0,0,0,3,1,0,0,0,0,0,1,0,0,27,14,41,0,0,0,1,0,9,0,1.0
MBA,6339513,596884,32,3,7,1,0,8,0,2,1,1,0,0,6,3,0,0,1,0,1,8.0,14,14,13,9,4,50,3,1,0,1,1,5,0,4,3,0,2,1,0,0,24,11,36,1,0,0,3,0,3,0,1.0
MBA,6339515,596779,40,11,13,3,1,18,0,9,7,2,0,0,11,0,0,0,4,0,2,9.0,10,6,6,4,14,42,1,0,1,0,3,1,0,0,0,0,1,3,0,0,27,8,35,0,0,0,0,1,0,0,0.0
MBA,6339515,596976,36,6,10,1,0,11,0,5,4,1,1,0,14,0,1,0,0,0,3,9.002,13,11,10,7,11,49,3,1,1,0,3,2,0,5,2,0,0,2,0,0,26,4,31,1,0,0,4,0,0,0,1.0
MBA,6339516,596801,34,4,11,0,1,13,0,3,3,1,0,0,6,1,0,0,0,0,1,9.0,8,3,2,4,10,39,0,0,0,0,1,1,0,0,0,0,0,3,0,1,27,9,39,3,0,0,1,1,3,0,0.0
MBA,6339516,596900,34,3,8,0,0,8,0,2,4,1,0,0,10,1,2,1,1,0,3,7.0,10,4,4,3,5,34,0,1,0,0,1,1,0,0,0,0,0,1,0,0,24,5,29,0,0,1,0,0,2,0,
MBA,6339517,596846,30,5,7,4,0,11,0,5,2,1,1,1,11,0,0,0,3,0,1,9.0,10,3,3,5,9,42,2,0,0,0,0,0,0,0,0,0,0,2,0,0,27,9,38,2,0,0,4,0,0,0,1.0
MBA,6339517,596854,37,3,10,2,0,12,0,3,5,0,0,0,9,0,0,0,4,0,2,8.0,7,5,5,2,11,35,4,0,0,0,0,1,0,0,0,1,1,1,0,0,23,4,29,2,0,0,3,0,0,0,1.0
MBA,6339518,596733,32,10,12,1,0,22,3,10,3,1,0,0,5,1,0,1,2,0,1,9.0,9,8,6,3,12,43,0,0,0,2,0,1,0,0,0,0,0,7,0,0,22,2,25,1,0,0,0,0,0,0,
MBA,6339518,596830,34,7,8,0,0,14,2,8,3,1,0,0,9,0,0,0,0,0,6,9.0,16,14,11,5,6,47,3,0,1,3,0,1,0,0,0,0,0,1,0,1,15,12,28,1,0,1,2,0,2,0,1.0
MBA,6339519,597096,32,2,5,0,0,5,0,1,4,2,0,0,10,0,0,0,1,0,2,9.0,8,4,3,2,12,36,1,0,0,1,0,0,0,0,0,0,0,2,0,1,26,7,34,1,0,0,4,0,2,0,1.0
MBA,6339519,597124,34,4,8,1,0,12,1,3,2,0,0,0,12,1,0,1,4,0,2,8.998,5,2,1,4,10,38,0,0,0,0,1,2,0,0,0,0,0,2,0,0,27,10,38,1,0,0,1,0,0,0,1.0
MBA,6339520,596813,37,10,8,3,0,11,0,10,9,7,0,0,3,2,1,0,2,1,2,10.0,10,8,7,5,12,49,1,0,0,1,1,3,1,2,2,1,0,4,0,0,30,10,42,2,0,5,0,0,3,0,
MBA,6339520,596837,40,8,10,1,0,14,1,6,5,3,0,1,12,1,0,0,0,1,4,9.999,8,10,9,9,3,53,3,0,0,0,1,7,1,5,3,0,0,2,0,0,29,13,43,1,0,2,2,1,5,0,1.0
MBA,6339521,596734,33,10,9,0,0,9,0,9,10,3,1,0,10,1,0,1,3,0,2,9.0,2,1,1,3,9,32,1,0,0,0,0,2,0,0,0,0,0,1,0,0,24,7,31,0,0,0,1,0,4,0,1.0
MBA,6339521,596837,27,1,2,1,0,3,0,1,3,2,0,0,9,2,0,0,1,0,1,9.001000000000001,10,12,8,10,11,51,0,1,0,0,0,4,0,4,1,0,1,3,0,0,27,8,38,3,0,1,3,0,3,0,1.0
MBA,6339523,596935,39,14,13,3,0,31,5,11,5,2,1,0,11,0,0,0,5,0,1,9.0,11,8,8,10,10,51,2,0,0,2,0,3,0,0,0,0,0,4,0,0,27,4,31,0,0,1,1,0,0,0,1.0
MBA,6339523,596958,30,7,9,2,0,17,2,6,6,3,0,0,9,0,0,0,0,0,3,6.332,8,9,9,3,8,31,2,0,1,4,2,1,0,0,0,0,1,1,0,0,25,8,34,1,0,0,5,0,0,0,1.0
MBA,6339525,596840,33,5,10,1,0,11,0,3,1,1,0,0,6,2,0,0,3,0,3,9.0,17,14,11,4,6,49,4,0,0,0,5,1,0,2,2,0,1,2,0,0,24,9,34,1,0,1,1,0,4,0,1.0
MBA,6339525,596866,43,14,17,4,0,21,0,11,4,1,1,0,6,2,0,0,1,0,2,3.0,3,1,1,1,3,13,1,0,0,0,0,0,0,0,0,0,0,3,0,0,27,10,40,3,0,0,3,0,3,0,1.0
MBA,6339526,599994,28,4,7,5,0,12,0,3,1,1,0,1,8,0,0,0,1,0,2,7.0,11,11,6,3,9,36,3,0,0,1,1,0,0,0,0,1,2,2,0,1,21,5,27,1,0,1,5,0,0,0,1.0
MBA,6339526,8054978,30,11,11,3,0,17,1,8,3,0,2,1,9,0,0,1,5,0,2,7.001,7,4,3,1,8,31,5,0,0,0,1,1,0,2,0,1,0,2,0,0,19,5,25,1,0,0,1,0,0,0,1.0
MBA,6339527,596752,37,7,11,1,1,20,2,6,10,2,1,0,10,0,0,0,2,0,1,8.997,13,10,10,7,11,46,4,0,0,4,0,1,0,4,2,0,0,2,0,0,27,9,36,0,0,1,0,0,0,0,
MBA,6339527,596959,38,10,13,4,0,29,4,10,7,1,0,0,11,0,0,0,0,0,2,8.998999999999999,11,7,6,10,10,50,1,1,0,2,0,2,0,7,3,0,1,1,0,0,26,7,34,1,0,0,2,0,0,0,1.0
MBA,6339528,596807,36,14,14,5,0,19,0,13,4,2,1,1,5,0,1,0,1,0,0,7.0,7,6,5,6,4,35,0,0,0,2,1,1,0,0,0,0,1,0,0,0,19,7,28,2,0,0,1,1,0,0,0.0
MBA,6339528,8054982,27,6,7,0,0,13,2,6,6,1,1,0,4,1,1,0,1,0,0,7.0,14,14,9,4,5,44,5,0,0,0,0,2,0,7,4,1,1,0,0,0,20,2,25,3,0,1,1,0,0,0,1.0
MBA,6339529,597117,38,5,15,1,0,16,0,4,3,3,0,0,6,5,0,0,0,0,3,8.0,13,10,10,6,4,41,2,0,0,1,3,3,0,0,0,1,1,1,0,0,24,13,37,0,0,0,0,3,6,0,0.0
MBA,6339529,597246,30,10,13,2,0,18,1,9,6,3,1,1,4,2,3,0,0,0,1,9.0,15,5,5,3,6,44,1,0,0,0,2,3,0,0,0,0,0,3,0,0,27,15,44,2,0,0,0,0,12,0,
MBA,6339531,596752,35,5,11,2,0,19,2,5,2,4,1,0,6,1,1,0,3,0,1,9.0,6,3,3,4,8,38,3,0,0,1,0,1,0,3,0,0,0,6,0,0,26,7,34,1,0,0,0,0,0,0,
MBA,6339531,596966,33,3,6,3,0,12,1,3,4,1,0,0,8,0,0,0,0,0,6,9.0,11,5,5,2,6,42,2,0,0,2,0,4,0,0,0,0,1,1,0,0,27,8,35,0,0,0,3,1,3,0,1.0
MBA,6339532,596734,37,11,16,4,2,24,0,9,5,2,0,0,3,1,0,0,0,0,3,8.997,12,13,13,7,5,51,6,0,0,1,2,5,0,6,4,2,1,3,0,0,19,5,25,1,0,2,0,0,0,0,
MBA,6339532,596813,36,13,12,6,0,21,1,12,7,5,1,2,5,0,0,0,0,0,3,9.0,16,11,8,5,5,49,4,2,0,0,1,2,0,6,4,0,0,3,0,0,27,12,42,3,0,1,0,0,3,0,
MBA,6339535,597008,38,8,12,2,0,14,0,8,4,1,1,0,3,0,0,0,1,0,0,9.001000000000001,8,2,2,2,10,38,3,1,0,1,1,1,0,0,0,0,0,0,0,0,26,6,32,0,0,0,0,0,0,0,
MBA,6339535,597075,35,2,8,3,1,16,1,2,2,1,0,0,10,0,0,0,0,0,0,9.0,12,8,8,4,3,44,2,0,0,0,1,1,0,0,0,0,1,0,0,0,25,13,39,1,0,0,1,0,0,0,1.0
MBA,6339538,596937,25,3,8,1,0,9,0,3,1,1,2,1,3,0,1,0,1,0,1,4.333,4,5,5,3,0,19,1,0,0,1,0,1,0,0,0,1,0,0,0,0,16,7,24,1,0,0,0,0,7,0,
MBA,6339538,596974,32,11,12,3,0,27,4,11,5,1,0,1,4,3,1,0,0,0,1,9.0,9,4,3,4,5,40,2,0,0,0,0,1,0,0,0,1,2,2,0,0,27,9,37,1,0,0,2,2,0,0,0.0
MBA,6339539,596826,27,7,6,1,0,7,0,6,6,1,1,1,4,1,1,0,3,0,2,9.0,12,6,6,2,8,41,3,0,0,1,1,1,0,1,1,1,0,1,0,0,25,7,34,2,0,0,3,2,0,0,1.0
MBA,6339539,596876,37,6,12,3,0,18,1,5,2,1,0,1,8,0,2,0,3,0,1,8.0,6,7,5,6,4,36,1,0,0,0,3,1,0,2,1,1,1,2,0,0,22,10,34,2,0,1,3,0,3,0,1.0
MBA,6339542,596919,30,6,10,2,1,17,1,6,1,2,0,1,6,0,0,0,0,0,0,6.0,12,8,7,6,2,35,2,0,0,1,1,0,0,2,1,0,0,0,0,0,17,5,22,0,0,2,1,0,0,0,1.0
MBA,6339542,596962,29,8,12,2,0,17,1,8,6,0,0,0,2,0,0,0,1,0,0,7.0,10,6,6,1,6,34,2,1,0,1,0,2,0,3,0,1,0,0,0,0,19,4,23,0,0,1,0,0,0,0,
MBA,6339543,596771,28,10,13,3,1,18,0,9,3,1,0,0,3,1,0,0,0,0,0,7.0,4,2,2,2,8,27,0,0,0,0,2,0,0,0,0,0,0,1,0,0,21,8,29,0,0,0,3,0,0,0,1.0
MBA,6339543,596951,24,2,4,0,0,4,0,1,1,0,0,0,8,0,0,0,3,0,1,6.0,13,10,10,3,3,32,3,1,0,0,2,1,0,3,3,0,0,0,0,0,18,10,28,0,0,0,0,0,2,0,
MBA,6339546,596723,34,9,12,2,0,23,3,8,5,1,0,0,9,2,1,0,2,0,2,9.0,9,6,6,5,6,40,1,0,0,2,0,0,0,0,0,0,0,0,0,0,27,11,39,1,0,0,1,0,6,0,1.0
MBA,6339546,596934,35,6,9,1,0,16,2,5,5,0,0,0,6,2,0,0,1,0,0,6.667,9,6,6,3,7,31,2,0,0,3,1,0,0,3,2,0,0,2,0,0,24,12,37,1,0,0,2,1,5,0,1.0
MBA,6339547,596741,32,3,10,2,0,12,0,2,3,1,0,1,7,0,0,0,0,0,3,7.999,15,6,6,3,1,43,1,1,0,1,1,2,1,2,1,0,0,0,0,0,21,12,34,1,0,0,1,0,5,0,1.0
MBA,6339547,596868,38,6,15,1,1,21,1,5,3,2,0,0,1,2,0,0,1,1,0,9.001000000000001,11,3,3,3,7,42,2,0,0,0,1,1,0,6,0,1,0,3,0,0,27,7,34,0,0,0,0,0,0,0,
MBA,6339549,596786,35,6,14,0,0,23,3,5,1,1,1,1,7,0,0,1,0,0,2,6.668,6,4,4,2,5,27,0,0,0,2,0,1,0,0,0,0,0,0,0,0,26,11,37,0,0,0,0,1,6,0,0.0
MBA,6339549,596865,31,4,7,0,0,13,2,3,2,1,0,0,7,2,1,0,0,0,0,9.0,15,6,6,1,7,43,0,0,0,3,0,1,0,0,0,1,1,2,0,1,27,3,31,1,0,0,0,0,0,0,
MBA,6339550,596793,32,1,5,1,0,6,0,1,2,2,0,0,10,0,0,0,2,0,2,8.0,5,5,3,7,2,34,3,0,0,0,4,1,0,2,1,2,1,0,0,1,24,10,35,1,0,1,1,0,4,0,1.0
MBA,6339550,596922,23,5,5,3,0,8,0,4,7,1,1,2,2,2,0,1,1,0,0,9.0,5,1,1,2,10,36,1,0,0,0,0,2,0,0,0,0,0,2,0,0,27,9,38,2,0,0,2,0,0,0,1.0
MBA,6339551,596763,39,7,10,7,0,20,1,7,4,2,0,0,5,0,0,0,3,0,1,9.0,10,11,11,10,6,44,2,0,0,1,1,1,0,7,5,0,0,2,0,0,27,13,40,0,0,0,0,2,2,0,0.0
MBA,6339551,596882,33,11,10,2,0,15,1,11,10,1,0,0,6,1,2,1,0,0,2,9.001,10,7,4,4,5,45,7,0,0,1,0,2,0,2,0,0,0,1,0,0,27,9,37,1,0,0,3,0,0,0,1.0
MBA,6339553,596733,32,15,12,2,0,17,1,11,8,4,0,0,6,0,0,0,3,0,4,8.998000000000001,14,17,15,8,6,57,1,0,1,1,2,8,0,0,0,0,2,2,0,0,25,9,36,2,0,1,3,0,0,0,1.0
MBA,6339553,596830,36,14,12,1,0,13,0,13,7,7,1,0,6,0,1,0,3,0,2,8.998,14,18,16,9,6,50,3,0,0,1,5,4,0,0,0,0,0,4,0,0,16,14,31,1,0,1,5,0,2,0,1.0
MBA,6339554,596869,33,4,10,0,0,16,2,4,7,2,2,0,6,2,1,0,3,0,2,8.0,9,13,12,6,8,44,1,0,0,0,2,4,0,4,4,0,1,3,0,0,24,9,35,2,0,0,1,0,0,0,1.0
MBA,6339554,596971,33,13,9,1,0,10,0,12,6,4,1,0,8,0,0,0,1,0,3,9.0,10,4,3,7,6,44,0,0,0,2,2,2,0,2,0,0,2,2,0,0,27,9,38,2,0,1,3,1,4,0,1.0
MBA,6339555,596785,41,10,13,2,1,20,1,8,3,1,2,1,5,0,0,0,0,0,2,10.0,14,12,10,6,10,50,7,0,2,0,2,2,0,0,0,1,0,4,0,0,28,12,41,1,0,0,0,1,0,0,0.0
MBA,6339555,596805,41,12,14,7,0,21,0,9,6,2,0,1,10,0,1,0,0,0,4,10.0,13,10,5,3,5,48,2,1,0,1,2,1,0,0,0,1,2,2,0,0,30,9,41,2,0,0,0,0,0,0,
MBA,6339556,596810,26,3,9,0,1,11,0,3,1,1,1,1,6,2,0,0,2,0,4,7.0,6,7,5,3,5,33,4,0,0,1,0,1,0,0,0,1,1,2,0,0,20,5,26,1,0,1,2,0,0,0,1.0
MBA,6339556,596811,27,7,6,4,0,13,1,7,3,1,1,1,5,0,0,0,2,0,2,7.0,9,3,3,1,6,30,0,1,1,0,0,1,0,0,0,1,1,4,0,0,21,9,30,0,0,0,2,0,5,0,1.0
MBA,6339557,596747,33,2,8,2,0,10,0,2,0,0,1,1,9,1,0,0,2,0,3,8.0,9,10,7,5,8,41,2,0,0,2,3,1,0,0,0,1,0,1,0,0,24,9,36,3,0,1,3,0,0,0,1.0
MBA,6339557,596871,34,10,9,2,0,17,2,8,5,1,0,1,8,0,0,0,3,0,1,9.0,8,2,1,0,9,35,2,0,0,0,0,0,0,0,0,1,1,3,0,0,27,10,38,1,0,0,2,0,3,0,1.0
MBA,6339558,597143,25,2,5,2,0,10,1,2,0,1,0,0,7,0,0,0,0,0,3,5.997999999999999,12,15,12,8,4,44,4,0,0,2,1,3,0,0,0,0,0,1,0,0,17,8,28,3,0,0,1,0,0,0,1.0
MBA,6339558,597176,33,15,12,4,0,22,2,15,8,3,0,0,4,0,0,0,1,0,1,7.0,5,2,2,0,7,26,2,0,0,1,0,1,0,0,0,0,0,3,0,0,21,8,29,0,0,0,0,0,0,0,
MBA,6339560,596867,43,26,19,5,0,27,1,23,13,2,0,1,3,0,2,0,3,0,0,9.0,13,16,13,11,13,55,2,0,0,1,2,4,0,4,3,0,0,1,0,0,27,7,36,2,0,0,1,0,3,0,1.0
MBA,6339560,596927,40,16,13,2,0,18,1,13,11,4,0,0,13,1,0,0,1,0,1,7.998,19,26,16,13,3,59,5,0,0,1,4,2,0,11,9,1,0,0,0,0,23,12,39,4,0,0,3,2,0,0,1.0
MBA,6339561,596769,27,4,8,0,0,11,1,4,3,0,1,1,4,0,0,0,1,0,1,6.998,18,21,13,8,2,52,3,1,0,3,0,3,0,0,0,0,1,0,0,0,21,8,33,4,0,1,0,0,3,0,
MBA,6339561,596832,40,21,18,3,1,32,3,20,8,3,1,0,2,1,0,0,0,0,0,7.0,8,4,3,3,4,32,0,0,0,1,0,0,0,0,0,1,1,1,0,0,21,12,35,2,0,1,1,0,0,0,1.0
MBA,6339562,596732,34,3,10,2,0,15,1,1,4,3,0,0,5,1,0,0,1,0,3,8.0,11,10,10,12,7,48,1,2,1,0,2,2,0,0,0,0,1,3,0,0,19,5,24,0,0,0,0,0,0,0,
MBA,6339562,596738,33,10,11,1,2,16,0,10,12,2,1,0,7,0,2,0,0,0,3,9.0,11,3,3,4,5,45,2,0,0,1,2,3,0,0,0,0,0,3,0,0,27,7,35,1,0,0,1,0,2,0,1.0
MBA,6339563,596727,35,12,14,1,0,18,1,12,5,2,2,0,5,0,1,0,2,0,1,9.0,7,4,3,5,6,42,3,0,0,0,1,3,0,1,0,0,0,1,0,0,27,11,39,1,0,0,0,0,2,0,
MBA,6339563,596884,34,4,7,3,0,10,0,3,5,3,0,0,6,1,0,0,0,0,1,8.0,14,12,11,5,5,44,1,0,0,1,2,2,0,3,3,0,2,1,0,0,23,8,33,2,0,0,2,0,0,0,1.0
MBA,6339564,596755,22,6,7,2,0,12,1,8,3,1,0,0,4,1,1,0,0,0,0,7.0,7,5,5,5,6,35,0,0,0,2,1,3,0,0,0,0,0,2,0,0,20,2,22,0,0,0,3,0,1,0,1.0
MBA,6339564,596827,27,5,7,0,0,13,2,5,5,3,0,0,6,1,0,0,3,0,2,7.0,8,8,8,4,6,34,2,0,0,1,0,1,0,0,0,0,0,2,0,0,21,9,32,2,0,0,0,1,3,0,0.0
MBA,6339565,596836,28,8,8,1,1,17,2,8,3,2,0,0,7,1,0,0,2,0,1,6.0,18,19,12,9,3,47,3,0,0,2,2,1,1,5,3,0,1,1,0,0,18,6,26,2,0,0,0,0,3,0,
MBA,6339565,596880,36,19,18,3,0,27,2,18,9,1,1,0,3,1,0,0,0,1,1,7.0,8,8,7,3,7,35,1,1,0,2,0,2,0,1,0,0,0,1,0,0,20,5,28,3,1,0,0,0,2,0,
MBA,6339566,597220,25,6,7,2,1,11,0,5,7,1,1,0,6,0,0,0,0,0,2,7.0,6,1,0,3,7,30,3,0,0,0,0,0,0,0,0,0,0,1,0,0,21,2,24,1,0,0,0,0,0,0,
MBA,6339566,597352,27,1,6,3,0,9,0,1,3,0,0,0,7,0,1,0,0,0,1,6.0,7,6,4,7,6,34,2,1,0,0,0,1,0,0,0,0,1,2,0,0,18,1,20,1,0,1,0,0,0,0,
MBA,6339567,596851,31,9,10,3,0,16,1,7,7,1,1,2,8,0,1,1,2,0,1,9.0,10,5,5,3,14,39,2,0,0,2,3,0,0,1,1,0,0,5,0,1,26,4,30,0,0,0,1,0,0,0,1.0
MBA,6339567,596913,36,5,10,2,0,18,2,4,3,0,0,0,14,0,0,1,1,0,5,8.001000000000001,10,9,6,7,8,42,3,0,0,1,0,1,0,3,1,2,1,1,0,0,24,6,31,1,0,1,2,1,0,0,1.0
MBA,6339568,596739,33,9,9,2,1,13,0,9,9,1,2,1,10,0,0,0,1,0,4,9.0,10,11,5,7,5,47,1,2,0,2,1,3,1,0,0,2,2,1,0,0,27,13,44,4,0,0,1,1,3,0,0.0
MBA,6339568,596945,29,9,9,1,2,17,1,9,3,2,1,2,3,1,1,0,1,0,0,7.0,7,6,5,7,6,36,1,1,0,0,2,0,0,0,0,1,2,3,0,0,26,6,34,2,0,0,1,0,0,0,1.0
MBA,6339569,597103,24,0,4,0,0,4,0,0,3,1,0,0,6,1,0,0,0,0,3,6.0,11,10,9,5,3,35,1,0,0,1,2,2,0,1,0,0,2,1,0,0,18,3,22,1,0,0,3,0,2,0,1.0
MBA,6339569,597173,26,10,11,1,0,15,1,9,5,2,2,0,3,1,0,0,3,0,1,7.0,4,0,0,3,6,28,0,0,0,0,0,1,0,0,0,0,0,3,0,0,21,7,28,0,0,1,0,0,3,0,
MBA,6339573,597096,32,7,10,1,0,11,0,4,2,0,1,0,3,1,0,0,1,0,3,6.999,13,14,13,5,9,39,4,0,0,3,0,1,0,0,0,0,0,0,0,0,21,6,27,0,0,0,7,0,3,0,1.0
MBA,6339573,597124,33,14,13,4,0,26,3,14,5,1,0,0,9,1,0,0,7,0,0,7.0,10,7,2,2,3,35,1,0,0,0,0,0,0,0,0,0,1,3,0,0,21,5,29,3,0,0,1,0,2,0,1.0
MBA,6339574,596859,29,6,9,0,0,9,0,5,3,6,0,1,4,2,0,0,10,0,0,9.0,9,4,4,5,3,39,2,0,0,0,4,1,0,4,2,1,0,0,0,0,27,9,36,0,0,0,1,0,7,0,1.0
MBA,6339574,596967,32,4,9,2,0,11,0,3,5,1,0,1,3,3,0,0,1,0,0,8.001,9,6,5,3,4,39,0,0,0,0,2,6,0,5,0,1,0,0,0,0,24,10,35,1,0,0,9,0,6,0,1.0
MBA,6339575,597013,41,4,9,3,1,17,1,2,4,3,0,1,8,0,0,1,1,0,2,11.0,7,3,3,3,7,41,2,0,0,0,2,1,0,0,0,1,0,3,0,0,32,16,48,0,0,0,1,1,5,0,0.0
MBA,6339575,597333,36,3,7,2,0,9,0,1,3,1,0,1,7,2,1,0,1,0,3,11.0,9,4,2,4,8,49,3,1,0,1,0,3,0,0,0,1,0,2,0,1,33,15,50,2,0,2,1,0,0,0,1.0
MBA,6339576,596737,35,6,7,0,0,19,4,6,0,3,0,0,8,0,0,0,0,0,1,8.997,14,7,6,4,6,44,5,0,0,1,1,0,0,0,0,0,1,2,0,1,27,7,35,1,0,0,1,0,3,0,1.0
MBA,6339576,596939,39,7,14,5,0,22,1,7,4,0,1,0,6,1,0,1,1,0,2,9.0,7,6,6,0,8,38,0,0,0,4,0,3,0,0,0,0,0,1,0,0,27,7,35,1,0,0,0,0,0,0,
MBA,6339577,596728,32,2,9,0,0,9,0,2,5,0,0,0,6,2,1,0,1,0,0,8.0,7,11,10,10,5,43,0,0,5,1,4,3,0,0,0,0,3,2,0,0,24,6,30,0,0,0,6,1,0,0,1.0
MBA,6339577,596886,27,11,7,0,0,10,1,8,10,3,3,0,5,0,1,0,6,0,2,9.0,9,2,2,5,6,37,0,0,0,0,2,0,0,0,0,0,0,0,0,0,27,11,38,0,0,0,1,1,6,0,0.0
MBA,6339578,596735,30,10,10,2,0,18,2,10,6,3,3,0,10,0,0,0,1,0,2,9.001000000000001,9,10,8,10,8,47,2,0,0,0,2,0,0,0,0,0,1,2,0,0,21,7,29,1,0,0,0,0,0,0,
MBA,6339578,596926,36,10,9,2,0,11,0,10,10,0,1,0,8,0,0,0,0,0,2,8.666,11,11,10,7,10,47,2,0,1,2,0,3,0,0,0,0,3,2,0,0,26,7,33,0,0,1,1,0,0,0,1.0
MBA,6339579,596781,40,10,13,1,0,20,2,10,4,0,0,2,7,1,0,0,1,0,2,9.0,6,3,3,4,4,35,0,0,0,1,0,0,0,2,0,0,0,3,0,0,27,14,42,1,0,0,0,1,3,0,0.0
MBA,6339579,596943,31,3,6,0,0,9,1,3,4,0,0,0,4,1,1,0,0,0,3,8.333,12,9,6,4,7,42,1,0,0,2,1,0,0,3,1,2,0,2,0,0,26,7,36,3,0,0,1,0,3,0,1.0
MBA,6339583,596776,29,2,4,1,0,5,0,3,3,2,0,0,5,1,0,0,0,0,2,8.998999999999999,13,7,7,2,5,43,2,1,0,2,0,1,0,0,0,0,0,0,0,1,27,9,36,0,0,0,0,0,0,0,
MBA,6339583,596931,40,7,13,2,1,23,2,7,2,1,0,0,5,0,0,1,0,0,0,9.0,7,3,3,3,6,38,2,0,0,0,0,2,0,0,0,0,0,2,0,0,26,8,34,0,0,0,0,0,2,0,
MBA,6339584,596790,37,12,13,2,0,15,0,12,3,5,1,0,7,0,1,1,3,0,2,9.001,11,8,8,7,13,44,3,0,0,1,0,0,0,0,0,0,0,4,0,1,27,8,36,1,0,0,2,0,0,0,1.0
MBA,6339584,596802,37,8,11,3,0,17,1,7,7,0,0,0,13,0,0,1,2,0,4,8.001000000000001,13,12,8,3,7,46,2,0,0,0,0,5,0,0,0,0,1,2,0,1,24,5,32,3,0,0,3,0,0,0,1.0
MBA,6339588,596829,26,3,6,2,0,8,0,1,0,0,0,1,1,0,0,1,0,0,0,6.333,7,4,4,3,4,28,0,0,0,1,1,2,0,0,0,1,0,0,0,0,19,9,28,0,0,0,0,1,5,0,0.0
MBA,6339588,596835,22,4,7,0,0,10,1,4,3,2,0,1,4,2,1,0,0,0,0,7.0,6,3,2,0,1,27,2,0,0,0,2,0,0,1,1,1,0,0,0,0,20,11,31,0,0,1,0,0,0,0,
MBA,6339590,596841,28,9,7,0,0,10,1,8,7,3,0,0,8,0,0,0,1,0,2,7.0,6,5,4,3,3,32,1,0,0,0,0,1,0,0,0,0,0,0,0,0,21,8,32,3,0,0,0,0,4,0,
MBA,6339590,596907,28,5,6,1,0,7,0,3,3,1,0,0,3,2,0,0,0,0,0,6.0,7,9,8,7,8,38,0,0,0,1,1,3,0,3,1,0,0,2,0,0,17,3,24,4,0,1,1,0,0,0,1.0
MBA,6339591,596726,23,7,11,2,0,16,1,6,2,1,2,0,1,1,2,1,2,0,0,7.0,11,4,4,1,10,33,0,0,0,0,0,3,0,0,0,0,0,4,0,1,21,3,24,0,0,0,1,1,2,0,0.0
MBA,6339591,596878,27,4,11,0,0,11,0,4,1,2,0,0,9,1,1,1,1,0,3,6.0,11,7,7,2,1,28,2,0,1,1,1,1,0,1,0,0,2,0,0,1,17,8,25,0,0,0,0,0,3,0,
MBA,6339592,596797,28,6,7,1,0,14,2,6,5,3,0,1,5,0,2,0,2,0,2,9.0,6,1,1,3,10,37,2,0,0,0,0,3,0,0,0,0,0,2,0,0,27,8,35,0,0,0,0,1,2,0,0.0
MBA,6339592,596900,31,1,6,2,0,8,0,1,3,3,0,0,10,1,1,0,0,0,2,8.0,7,6,6,5,5,37,1,0,0,2,1,3,0,0,0,1,0,2,0,0,24,8,32,0,0,0,2,1,0,0,1.0
MBA,6339593,596812,35,6,14,1,0,15,0,6,2,2,0,1,8,1,3,3,2,0,3,9.0,8,2,2,1,3,35,1,1,0,0,1,1,0,0,0,0,0,2,0,2,26,15,42,1,0,0,0,1,0,0,0.0
MBA,6339593,596932,33,2,8,1,1,11,0,2,1,1,0,0,3,0,1,2,0,0,2,9.0,14,6,6,2,8,40,1,0,0,0,2,2,0,0,0,1,0,3,0,3,27,10,39,2,0,0,2,2,3,0,0.0
MBA,6339595,596774,28,0,2,1,0,3,0,0,3,1,0,0,11,1,0,0,0,0,3,8.0,6,2,2,5,3,36,1,0,0,0,1,2,0,0,0,0,0,3,0,1,23,10,34,1,0,0,0,0,0,0,
MBA,6339595,596775,29,2,6,1,0,7,0,2,5,2,0,0,3,0,0,1,0,0,3,9.0,2,0,0,3,11,32,1,0,0,0,0,1,0,0,0,0,0,3,0,0,26,11,37,0,0,0,0,0,3,0,
MBA,6339596,596787,30,5,7,0,0,7,0,4,4,3,1,0,4,1,0,0,2,0,2,9.0,6,3,3,3,5,36,1,0,0,0,1,0,1,0,0,0,1,1,0,0,27,5,32,0,0,0,1,0,0,0,1.0
MBA,6339596,596928,32,3,6,1,0,7,0,3,3,0,1,0,5,0,0,0,1,1,1,8.0,7,5,4,4,4,38,0,0,0,0,1,3,0,0,0,0,1,2,0,0,24,11,37,2,0,0,2,0,3,0,1.0
MBA,6339599,596730,28,13,8,2,0,13,1,10,13,7,2,1,2,0,2,0,1,0,1,9.0,8,7,5,2,8,40,0,0,0,1,1,3,0,0,0,1,1,3,0,0,27,9,38,2,0,0,3,1,5,0,1.0
MBA,6339599,596822,12,2,3,0,0,6,1,3,1,0,0,0,3,1,1,0,1,0,1,1.0,4,8,8,7,0,15,2,0,1,1,2,3,0,0,0,0,0,0,0,0,8,1,10,1,0,0,0,0,0,0,
MBA,6339601,596731,28,7,10,2,0,18,2,6,6,1,1,0,7,1,1,0,1,0,1,7.0,16,25,25,13,5,54,4,0,0,1,2,2,0,12,10,3,3,0,0,0,20,6,27,1,0,0,1,0,0,0,1.0
MBA,6339601,596858,33,25,16,4,0,23,1,24,13,2,3,3,5,0,0,0,1,0,0,7.0,10,7,7,6,7,36,2,0,0,2,2,1,0,5,1,0,1,1,0,0,20,8,28,0,0,0,1,1,3,0,0.0
MBA,6339602,597011,27,8,8,2,0,16,2,6,5,1,0,0,4,2,0,0,0,0,0,7.0,17,23,20,10,5,49,5,0,0,1,2,1,0,0,0,0,1,0,0,0,21,7,30,2,0,0,2,0,3,0,1.0
MBA,6339602,597151,37,23,17,5,0,25,1,21,10,1,1,0,5,1,0,0,2,0,0,6.999,8,8,8,5,4,33,2,0,0,2,0,1,0,0,0,0,0,0,0,0,20,11,32,1,0,0,0,0,6,0,
MBA,6339604,596736,34,5,9,3,0,18,2,7,4,0,0,0,7,3,0,0,1,0,4,9.0,11,7,5,5,7,45,3,0,0,0,2,0,0,0,0,0,0,3,0,0,26,9,37,2,0,0,5,0,2,0,1.0
MBA,6339604,596964,40,8,14,4,0,18,0,7,5,0,0,0,8,1,0,0,5,0,4,10.0,11,7,7,4,7,43,4,0,0,2,0,1,0,0,0,0,0,4,0,0,27,12,39,0,0,0,1,0,9,0,1.0
MBA,6339605,596766,31,2,6,0,1,8,0,2,5,2,0,1,15,0,1,0,1,0,5,3.0,2,0,0,0,4,13,0,0,0,0,0,2,0,0,0,0,0,2,0,0,23,5,28,0,0,0,1,0,0,0,1.0
MBA,6339605,596801,30,4,6,0,1,11,1,3,4,2,0,0,7,0,0,0,1,0,2,8.998,6,2,2,5,15,39,0,1,0,0,0,2,0,0,0,1,0,5,0,0,27,4,32,1,0,0,1,1,0,0,0.0
MBA,6339606,596794,41,8,14,4,0,21,1,8,8,1,1,0,9,0,0,0,3,0,2,9.001000000000001,12,12,11,7,5,48,2,1,0,1,0,1,0,0,0,1,1,0,0,0,27,9,37,1,0,1,0,0,0,0,
MBA,6339606,596862,23,9,8,1,0,12,1,8,3,1,0,1,1,0,0,0,0,0,0,6.0,6,5,5,8,4,33,3,0,0,0,0,0,0,0,0,0,1,2,0,0,20,2,23,1,0,0,3,0,0,0,1.0
MBA,6339607,596804,41,14,19,2,0,30,3,13,3,1,0,0,7,0,0,0,0,0,2,7.0,5,3,3,2,4,27,2,0,0,1,0,0,0,0,0,0,0,2,0,0,21,8,29,0,0,0,0,0,0,0,
MBA,6339607,596911,25,3,5,2,0,10,1,3,2,0,0,0,4,0,0,0,0,0,2,7.0,19,14,12,3,7,45,2,0,0,3,2,1,0,0,0,0,0,2,0,0,21,6,28,1,0,0,0,0,0,0,
MBA,6339608,596751,26,1,6,2,0,11,1,1,4,0,0,0,5,0,1,0,0,0,1,7.0,6,3,2,2,8,29,2,0,0,0,0,0,0,0,0,1,0,2,0,0,21,4,27,2,0,0,1,0,0,0,1.0
MBA,6339608,596814,26,3,6,2,0,8,0,2,2,0,0,1,8,0,0,0,1,0,2,7.0,6,1,1,4,5,30,2,0,0,1,0,0,0,0,0,0,0,1,0,0,21,5,27,1,0,0,0,1,0,0,0.0
MBA,6339609,596784,34,3,8,4,0,12,0,3,2,0,0,0,5,1,0,0,1,0,2,9.0,11,7,5,2,7,42,2,0,0,1,1,2,0,2,0,1,1,2,0,1,27,7,37,3,0,0,1,0,0,0,1.0
MBA,6339609,596838,36,7,11,2,0,16,1,7,2,2,1,1,7,0,1,1,1,0,2,9.0,8,3,3,2,5,36,4,0,0,0,0,0,0,0,0,0,0,2,0,0,27,10,37,0,0,0,1,0,2,0,1.0
MBA,6339610,596762,33,6,7,2,0,9,0,5,4,4,0,0,3,0,0,0,0,0,2,9.0,12,10,8,6,8,44,5,0,1,0,2,1,0,5,3,0,0,4,0,0,26,14,41,1,0,0,1,1,6,0,0.0
MBA,6339610,596820,37,10,12,5,0,17,0,7,6,1,0,0,8,2,1,0,1,0,4,9.0,7,6,6,4,3,41,2,0,0,0,3,4,0,4,0,0,0,2,0,0,27,8,35,0,0,0,0,0,0,0,
MBA,6339611,596873,24,6,7,0,0,7,0,6,6,1,0,1,6,0,0,0,2,0,2,7.0,3,0,0,3,8,24,1,0,0,0,0,0,0,0,0,0,0,0,0,0,21,10,31,0,0,0,0,1,6,0,0.0
MBA,6339611,596952,21,0,3,1,0,4,0,0,3,0,0,0,8,2,1,0,0,0,0,6.0,7,6,6,6,6,32,0,0,0,0,0,1,0,1,0,1,0,2,0,0,17,7,24,0,0,1,2,0,0,0,1.0
MBA,6339612,596768,29,5,7,1,1,10,0,4,4,1,0,1,4,0,0,0,6,0,2,9.0,7,2,2,0,12,36,2,0,0,1,0,3,0,0,0,1,0,5,0,0,27,8,36,1,0,1,0,1,3,0,0.0
MBA,6339612,596777,32,2,7,2,0,12,1,2,0,3,0,1,12,1,1,0,0,0,5,8.0,7,5,5,4,4,35,1,1,0,0,0,1,0,0,0,1,0,2,0,0,23,5,28,0,0,0,6,0,0,0,1.0
MBA,6339613,596846,30,6,13,1,0,14,0,6,2,1,0,1,4,1,0,0,2,0,0,7.0,9,2,2,0,2,29,3,0,0,0,0,2,0,0,0,0,0,0,0,0,21,11,32,0,0,0,2,1,3,0,1.0
MBA,6339613,596854,27,2,9,3,0,12,0,2,0,2,0,0,2,1,1,0,2,0,0,5.999,13,6,6,2,4,34,1,0,0,0,1,1,0,0,0,1,0,0,0,0,18,10,28,0,0,0,2,0,0,0,1.0
MBA,6339614,597100,41,28,22,2,2,31,1,23,8,8,0,0,4,1,0,1,9,0,0,6.999,14,13,13,3,4,40,4,0,0,2,1,3,0,0,0,0,0,2,0,0,20,4,25,1,0,0,1,0,2,0,1.0
MBA,6339614,597276,34,13,14,4,0,24,2,12,3,3,0,0,4,1,0,0,1,0,2,6.001,22,28,24,8,4,58,2,2,0,1,6,8,0,0,0,0,0,0,0,1,18,6,30,6,1,0,9,0,2,0,1.0
MBA,6339617,596807,18,4,3,1,0,4,0,4,3,2,1,1,3,1,0,0,1,0,1,8.0,7,7,3,3,6,38,1,1,0,0,0,2,0,0,0,3,1,1,0,0,20,4,25,1,0,0,0,1,0,0,0.0
MBA,6339617,596908,25,5,6,1,0,7,0,6,3,1,1,3,6,0,1,0,0,0,1,2.665,2,4,3,2,2,13,1,0,0,0,0,2,0,0,0,1,1,1,0,0,23,13,38,2,0,1,3,0,3,0,1.0
MBA,6339618,596748,30,6,9,2,0,11,0,6,2,0,1,0,10,0,0,0,4,0,0,5.999,8,2,2,3,7,28,0,0,0,1,0,0,0,0,0,0,0,3,0,1,19,6,26,1,0,0,0,0,0,0,
MBA,6339618,596833,29,3,9,0,0,12,1,3,4,0,0,0,8,0,0,1,0,0,3,7.001,9,6,6,2,10,33,2,0,0,0,0,0,0,0,0,0,1,0,0,0,20,4,26,2,0,0,4,0,0,0,1.0
MBA,6339619,597011,38,8,14,2,1,21,1,6,4,3,0,0,9,2,1,0,1,0,4,8.998,11,7,7,5,8,43,2,0,1,0,1,3,0,0,0,1,1,1,0,0,27,14,41,0,0,0,1,1,0,0,0.0
MBA,6339619,597114,33,7,11,2,0,13,0,6,5,3,1,1,8,0,1,0,1,0,1,9.001,14,8,8,4,9,45,2,1,0,1,1,3,0,0,0,0,0,4,0,0,26,10,38,2,0,0,1,1,5,0,0.0
MBA,6339620,596761,36,1,9,2,0,11,0,1,2,1,0,0,10,0,0,0,0,0,7,9.0,7,7,2,5,12,43,4,0,0,0,1,4,0,0,0,0,0,1,0,0,26,5,32,1,0,0,2,1,0,0,1.0
MBA,6339620,596779,34,7,7,4,0,11,0,7,5,4,0,0,12,0,1,0,2,0,1,9.0,9,1,1,2,10,39,2,0,0,0,0,1,0,0,0,0,0,7,0,0,26,5,32,1,0,0,0,0,0,0,
MBA,6339655,596800,32,14,10,3,0,19,2,11,14,2,1,0,9,1,1,0,3,0,5,9.0,13,10,10,5,10,45,1,1,0,1,0,1,0,6,2,0,1,1,0,1,25,12,38,1,0,1,0,0,3,0,
MBA,6339655,596890,38,10,13,1,1,19,1,9,5,1,1,0,10,1,1,1,0,0,1,7.999,10,14,13,14,9,49,3,0,1,2,8,2,0,5,3,0,1,5,0,0,22,5,28,1,0,0,3,1,2,0,1.0
MBA,6339660,596873,41,3,5,1,1,11,1,3,8,0,0,0,15,0,0,1,1,0,2,11.999,7,4,2,2,12,50,2,0,0,0,1,3,0,5,1,1,1,5,0,0,36,13,50,1,0,0,1,0,3,0,1.0
MBA,6339660,596952,43,4,7,2,0,9,0,4,2,3,1,1,12,1,0,0,1,0,5,12.0,5,3,2,8,15,49,1,1,0,1,1,0,0,0,0,0,0,2,0,1,35,8,44,1,0,0,1,0,0,0,1.0
MBA,6339668,596771,30,4,7,2,1,11,0,4,5,0,0,0,8,1,0,1,2,0,1,9.001,9,2,2,1,6,36,2,0,0,0,0,1,0,5,1,0,0,3,0,0,26,10,36,0,0,0,1,1,4,0,0.0
MBA,6339668,596951,30,2,9,2,0,11,0,2,1,1,0,0,5,1,1,0,1,0,2,8.0,7,4,4,5,8,35,2,1,0,0,1,0,0,1,0,0,0,1,0,1,21,6,28,1,0,0,2,0,2,0,1.0
MBA,6349223,596741,24,1,4,2,1,8,0,1,5,2,0,0,5,0,0,1,1,0,2,7.001,3,0,0,2,9,25,1,0,0,0,0,1,0,2,0,0,0,1,0,0,21,5,26,0,0,0,1,1,2,0,0.0
MBA,6349223,596842,22,0,3,1,0,4,0,0,2,1,0,0,9,1,1,0,1,0,1,7.0,4,1,1,5,5,31,2,1,0,0,2,2,0,3,0,0,0,2,0,0,21,6,27,0,0,0,1,0,0,0,1.0
MBA,6349224,596730,22,5,7,2,1,11,0,5,5,0,0,0,5,0,2,0,3,0,1,7.0,1,1,0,3,9,26,0,0,0,0,0,0,0,0,0,0,0,2,0,0,21,7,29,1,0,0,2,0,0,0,1.0
MBA,6349224,596777,23,1,1,0,0,1,0,1,3,0,0,0,9,0,0,0,2,0,2,6.0,7,5,5,5,5,27,2,1,0,0,0,0,0,2,0,0,0,1,0,0,18,8,26,0,0,0,3,2,0,0,1.0
MBA,6349225,596857,37,4,7,0,0,16,3,4,3,0,0,0,18,0,0,0,3,0,8,9.331,5,5,5,7,3,46,1,0,0,0,5,7,1,0,0,2,0,2,0,0,28,12,40,0,0,0,4,0,1,0,1.0
MBA,6349225,596932,30,5,5,1,0,6,0,3,7,7,0,2,3,1,0,0,4,1,2,10.0,7,4,4,3,18,40,0,0,0,3,1,0,0,0,0,0,0,8,0,0,30,9,39,0,0,0,3,0,0,0,1.0
MBA,6349234,596869,23,3,3,1,0,4,0,2,6,0,0,0,6,1,0,0,2,0,1,7.001,4,4,4,6,6,33,0,1,1,1,1,1,0,3,1,0,1,3,0,0,21,4,26,1,0,0,3,0,0,0,1.0
MBA,6349234,596882,25,4,4,0,1,9,1,4,6,1,1,0,6,0,0,0,3,0,3,7.0,3,3,3,6,6,29,1,0,0,0,1,0,0,0,0,0,0,1,0,0,21,10,31,0,0,0,2,0,3,0,1.0
MBA,6349253,596791,27,5,10,4,0,14,0,5,2,0,0,0,1,1,0,0,2,0,1,7.0,4,3,1,2,10,28,0,0,0,0,0,0,0,0,0,0,0,3,0,0,21,5,28,2,0,0,2,0,0,0,1.0
MBA,6349253,596878,26,3,4,0,0,4,0,2,2,0,0,0,10,0,0,0,2,0,3,6.0,10,5,5,2,1,29,4,0,0,0,1,0,0,1,0,0,0,1,0,0,18,7,27,2,0,0,2,0,3,0,1.0
MBA,6349269,596852,27,7,8,3,0,11,0,6,10,3,0,1,6,0,0,0,0,2,0,7.001,11,6,6,4,4,33,4,0,0,1,1,0,0,2,0,0,0,1,0,0,20,5,25,0,0,0,0,2,0,0,0.0
MBA,6349269,596884,29,6,11,4,0,18,1,6,4,0,0,0,4,0,3,0,0,0,1,6.667,8,7,4,10,6,41,3,0,0,0,1,3,2,3,2,1,0,0,0,0,20,4,24,0,0,1,0,0,0,0,
MBA,6349270,596871,25,2,5,0,0,5,0,2,2,2,0,0,5,1,0,0,0,0,1,7.0,15,5,4,1,7,36,1,0,0,1,1,0,1,0,0,1,0,3,0,0,20,4,24,0,0,0,0,0,3,0,
MBA,6349270,596960,34,5,15,1,0,19,1,4,1,0,0,1,7,1,0,0,0,1,3,7.0,5,2,2,2,5,29,0,0,0,0,1,2,0,0,0,0,0,1,0,0,20,6,26,0,0,0,0,0,1,0,
MBA,6349271,596848,28,3,4,2,0,6,0,1,3,3,0,0,5,0,0,0,2,0,1,9.0,6,2,2,3,11,37,1,0,0,0,2,0,0,0,0,0,0,2,0,0,27,6,34,1,0,0,4,0,0,0,1.0
MBA,6349271,8074468,34,2,6,1,0,7,0,2,3,0,0,0,11,0,0,0,2,0,2,8.001,4,3,3,3,5,34,2,0,0,0,5,3,0,2,0,0,0,1,0,0,23,10,33,0,0,0,2,0,0,0,1.0
MBA,6349272,596775,25,3,3,0,0,9,2,3,5,1,1,2,5,1,0,1,0,0,2,9.001000000000001,10,10,10,12,10,45,2,0,0,4,3,0,0,10,4,0,0,2,0,0,27,12,39,0,0,0,2,1,6,0,1.0
MBA,6349272,596951,33,10,10,2,0,24,4,10,12,0,0,0,10,2,1,0,2,0,2,9.0,3,3,3,5,5,34,0,0,1,2,0,1,0,0,0,2,1,2,0,0,27,9,36,0,0,0,0,0,3,0,
MBA,6349273,596835,30,10,12,1,2,20,1,9,4,1,1,0,7,1,0,0,2,0,5,7.0,4,6,5,4,10,35,0,0,0,0,2,4,0,3,2,0,1,3,0,0,21,4,28,3,0,0,1,0,2,0,1.0
MBA,6349273,596954,26,6,4,0,0,4,0,3,4,4,1,0,10,1,0,0,1,0,3,5.999,12,10,7,4,7,36,1,2,0,1,1,1,0,2,1,0,1,5,0,0,18,6,26,2,0,1,2,0,3,0,1.0
MBA,6349275,596741,26,7,6,1,0,7,0,4,3,1,1,0,5,1,2,0,4,0,1,7.0,9,3,3,0,3,30,3,0,0,1,0,1,0,3,1,0,0,2,0,0,21,5,26,0,0,1,0,1,0,0,0.0
MBA,6349275,596937,29,3,9,3,0,15,1,3,0,1,0,0,3,0,1,0,0,0,2,7.0,6,7,4,3,5,31,1,0,0,0,1,1,0,2,2,0,1,1,0,0,21,10,34,3,0,0,4,1,3,0,1.0
MBA,6349276,596723,22,4,4,0,0,10,2,4,3,3,0,1,5,0,0,0,0,0,2,7.0,4,2,2,5,6,30,1,0,0,0,1,0,0,0,0,0,0,4,0,0,21,5,27,1,0,0,0,0,1,0,
MBA,6349276,596934,25,2,4,1,0,5,0,2,5,0,0,0,6,1,0,0,0,0,4,5.665,3,4,4,3,5,27,0,0,0,2,0,3,0,1,0,1,0,2,0,0,17,3,21,1,0,0,0,0,0,0,
MBA,6349278,596785,23,6,5,1,0,9,1,6,4,2,0,0,6,1,0,0,2,0,1,7.0,4,1,1,4,4,31,1,0,0,0,0,1,0,0,0,0,0,0,0,0,21,6,29,2,0,0,0,0,3,0,
MBA,6349278,596805,26,1,4,1,0,5,0,1,4,1,0,0,4,1,0,0,0,0,0,6.001,5,6,5,4,6,29,1,0,0,1,0,2,0,0,0,0,0,1,0,0,18,4,23,1,0,0,2,0,2,0,1.0
MBA,6349281,596763,28,4,11,0,0,11,0,4,3,1,0,2,5,2,0,0,5,0,2,7.001,14,6,6,2,8,37,4,0,0,0,0,3,0,3,1,1,1,1,0,0,21,6,27,0,0,0,1,1,0,0,0.0
MBA,6349281,596882,30,6,14,4,0,18,0,6,2,3,1,1,8,0,1,0,1,0,1,6.999,11,4,3,3,5,34,0,0,0,0,0,1,0,2,0,2,0,2,0,0,21,6,28,1,0,0,5,0,6,0,1.0
MBA,6349282,596765,23,8,7,0,0,7,0,7,3,3,2,0,1,0,0,0,0,0,1,7.0,2,4,4,6,8,29,0,0,0,0,0,0,0,0,0,0,0,1,0,0,21,5,29,3,0,0,0,1,3,0,0.0
MBA,6349282,596828,23,4,2,0,0,2,0,4,6,0,0,0,8,1,1,0,0,0,1,6.0,7,8,6,3,1,31,0,0,0,0,1,3,0,0,0,0,2,1,0,0,17,5,24,2,0,0,0,0,0,0,
MBA,6349283,596901,25,9,6,2,1,13,1,6,11,0,0,0,4,1,0,0,1,0,1,7.0,5,2,2,1,7,27,2,1,0,0,1,2,0,0,0,0,0,4,0,1,20,9,29,0,0,0,0,0,0,0,
MBA,6349283,596944,20,2,4,2,1,8,0,2,1,2,0,0,6,0,0,0,0,0,3,7.001,6,9,6,11,4,36,2,1,0,1,3,0,0,0,0,0,0,1,0,0,21,7,28,0,0,2,1,0,3,0,1.0
MBA,6349288,599994,26,3,12,0,0,12,0,2,1,2,1,0,4,1,1,0,2,0,1,7.0,6,2,2,3,1,29,1,0,1,1,1,1,0,2,1,1,1,1,0,0,21,10,32,1,0,0,0,0,4,0,
MBA,6349288,8074502,23,2,6,1,0,10,1,2,3,1,1,1,1,2,0,0,0,0,1,6.0,12,3,2,1,4,30,0,0,0,0,2,2,0,1,1,0,1,1,0,0,18,9,28,1,0,0,2,1,2,0,1.0
MBA,6349290,597008,39,12,12,3,0,18,1,11,3,2,0,1,5,0,0,0,0,0,2,9.0,10,5,5,4,6,41,1,1,0,0,1,0,0,0,0,0,1,1,0,0,27,8,37,2,0,0,1,1,0,0,0.0
MBA,6349290,597075,36,5,10,1,1,13,0,4,4,0,1,0,6,0,1,0,1,0,1,9.0,12,12,12,3,5,45,3,0,0,1,2,2,0,0,0,1,0,2,0,0,27,8,36,1,0,0,0,0,0,0,
MBA,6349293,596937,20,3,7,0,0,7,0,3,0,2,0,0,5,0,0,0,0,0,2,4.001,4,8,7,7,6,25,2,0,0,1,1,1,0,0,0,0,1,1,0,0,16,2,20,2,0,0,4,0,0,0,1.0
MBA,6349293,596974,25,10,6,3,0,12,1,8,7,1,1,0,8,0,0,0,4,0,1,7.0,10,5,5,1,7,34,0,0,1,1,0,2,0,0,0,0,0,4,0,0,21,8,29,0,0,0,0,0,0,0,
MBA,6349294,596826,23,4,7,0,0,13,2,4,4,1,0,1,4,0,1,0,1,0,0,7.0,7,3,2,2,4,28,0,0,0,0,0,0,0,0,0,2,1,1,0,0,20,12,32,0,0,1,1,0,3,0,1.0
MBA,6349294,596876,23,3,7,0,0,7,0,2,2,0,1,2,4,1,0,0,1,0,1,6.0,7,4,4,4,4,29,0,0,0,2,1,1,0,3,0,1,0,0,0,0,18,7,25,0,0,0,1,1,0,0,0.0
MBA,6349295,596743,25,12,10,2,1,14,0,9,3,6,2,1,5,1,1,0,2,0,2,7.0,1,0,0,1,16,23,1,0,0,0,0,0,0,0,0,0,0,3,0,0,21,0,21,0,0,0,0,0,0,0,
MBA,6349295,596918,10,0,1,1,0,2,0,0,0,0,0,0,6,0,0,0,0,0,1,0.0,0,0,0,0,0,0,0,0,0,0,0,0,0,0,0,0,0,0,0,0,10,3,14,1,0,0,2,1,0,0,1.0
MBA,6349296,596842,27,8,9,0,0,12,1,6,2,0,0,0,5,0,1,0,2,0,0,7.0,6,4,3,4,5,30,1,0,0,0,0,0,0,0,0,0,1,2,0,0,20,8,28,0,0,0,1,0,3,0,1.0
MBA,6349296,596870,25,4,6,1,0,7,0,4,4,0,1,0,5,1,0,0,1,0,2,6.0,9,8,6,2,5,29,0,0,0,1,1,0,0,0,0,0,0,0,0,0,18,4,23,1,0,0,2,1,0,0,1.0
MBA,6349297,596919,38,16,16,5,0,24,1,15,3,4,0,0,3,0,0,0,4,0,0,7.0,4,0,0,2,6,25,0,0,0,0,0,0,0,0,0,0,0,0,0,0,21,5,26,0,0,1,0,0,0,0,
MBA,6349297,596962,23,0,4,0,0,4,0,0,2,0,0,0,6,0,0,0,0,0,0,7.001,16,16,14,3,3,45,5,0,0,1,2,4,0,8,6,0,0,0,0,0,21,5,27,1,0,0,4,0,0,0,1.0
MBA,6349298,596771,21,5,6,1,1,9,0,4,3,2,0,3,2,0,0,0,0,1,1,6.999,6,3,2,5,7,32,1,0,0,0,0,1,0,2,1,0,0,2,0,0,21,8,30,1,0,0,2,0,6,0,1.0
MBA,6349298,596951,24,3,6,1,0,7,0,1,5,1,0,0,6,2,0,0,2,0,1,6.0,6,5,5,3,2,29,1,1,0,0,1,2,1,0,0,3,0,1,0,0,18,3,21,0,0,1,0,0,0,0,
MBA,6349300,596810,29,5,11,2,0,13,0,5,4,2,1,1,5,1,0,0,0,0,0,6.999,14,10,10,3,4,37,3,0,0,1,0,1,0,0,0,1,1,0,0,0,20,10,31,1,0,1,2,1,6,0,1.0
MBA,6349300,596811,31,10,14,3,0,20,1,10,3,1,1,1,4,2,1,0,2,0,0,7.0,11,5,5,4,5,37,2,0,0,0,0,2,0,0,0,1,1,0,0,0,21,7,28,0,0,0,0,0,3,0,
MBA,6349301,596747,33,1,9,2,0,11,0,1,7,0,0,0,8,1,2,0,0,0,3,8.001000000000001,9,7,7,7,7,41,3,0,1,1,3,1,0,3,2,1,0,3,0,0,24,4,29,1,0,0,2,0,0,0,1.0
MBA,6349301,596871,31,7,9,3,0,15,1,7,7,1,0,1,6,0,0,0,2,0,3,8.998999999999999,9,1,1,7,8,40,2,0,0,0,3,0,0,2,0,0,0,3,0,0,25,9,34,0,0,0,0,2,3,0,0.0
MBA,6349302,597143,26,5,6,1,0,7,0,5,8,0,0,1,12,0,0,0,0,0,2,6.0,20,15,15,2,2,41,4,0,2,2,1,1,0,0,0,0,1,1,0,0,18,6,24,0,0,2,0,0,0,0,
MBA,6349302,597176,37,15,20,4,0,30,2,13,2,1,1,0,2,0,0,0,0,0,1,6.998,6,5,5,8,12,35,1,0,0,0,0,0,0,0,0,1,0,2,0,0,21,6,27,0,0,0,0,0,0,0,
MBA,6349304,596867,31,11,15,2,0,23,2,11,4,2,0,0,5,1,2,0,1,0,2,7.0,8,6,6,4,7,32,1,0,0,1,1,0,0,4,0,0,0,1,0,0,21,4,26,1,0,1,1,0,2,0,1.0
MBA,6349304,596927,28,6,8,1,0,12,1,5,4,0,0,0,7,1,0,0,1,0,1,2.665,5,4,4,2,3,14,2,0,0,0,0,0,0,4,0,0,0,1,0,0,18,4,22,0,0,0,1,2,2,0,0.0
MBA,6349305,596769,27,4,8,0,0,11,1,4,3,0,1,1,4,0,0,0,1,0,1,6.998,18,21,13,8,2,52,3,1,0,3,0,3,0,0,0,0,1,0,0,0,21,8,33,4,0,1,0,0,3,0,
MBA,6349305,596832,40,21,18,3,1,32,3,20,8,3,1,0,2,1,0,0,0,0,0,7.0,8,4,3,3,4,32,0,0,0,1,0,0,0,0,0,1,1,1,0,0,21,12,35,2,0,1,1,0,0,0,1.0
MBA,6349306,596732,32,5,9,1,0,10,0,4,5,2,0,0,1,0,2,0,0,0,0,9.0,4,2,1,2,10,35,2,0,0,0,1,1,0,0,0,0,0,5,0,0,27,5,33,1,0,0,1,0,0,0,1.0
MBA,6349306,596738,32,2,4,2,0,6,0,2,2,1,0,0,10,0,0,0,1,0,5,9.0,9,5,4,5,3,44,1,0,0,0,1,3,0,3,2,0,0,1,0,0,25,10,39,4,0,0,0,2,0,0,0.0
MBA,6349307,596727,32,11,11,3,0,17,1,8,9,3,0,0,8,2,2,0,2,0,1,9.0,8,4,4,5,7,38,1,0,0,2,0,0,0,1,0,0,0,1,0,0,27,11,39,1,0,0,0,0,7,0,
MBA,6349307,596884,33,4,8,1,0,15,2,4,5,0,0,0,7,3,0,0,0,0,1,8.0,11,11,10,9,8,44,3,0,0,1,4,3,0,5,3,0,0,1,0,0,23,8,34,3,0,2,2,2,6,0,0.0
MBA,6349309,596836,32,6,10,3,0,16,1,6,2,1,0,0,7,1,0,0,0,0,1,6.0,6,7,7,5,4,32,1,1,0,1,1,3,0,3,3,0,0,2,0,0,18,3,23,2,0,0,4,1,0,0,1.0
MBA,6349309,596880,24,7,6,1,1,12,1,6,5,3,0,0,4,0,1,0,4,0,2,6.999,10,6,4,2,7,35,3,0,0,1,1,1,0,4,1,0,0,1,0,0,21,6,28,1,0,2,0,0,3,0,
MBA,6349310,597220,40,6,13,1,1,16,0,5,1,1,1,0,5,1,0,0,2,0,1,9.0,11,5,5,3,7,40,1,1,0,0,0,1,0,1,0,1,0,2,0,0,26,7,34,1,0,2,0,1,6,0,0.0
MBA,6349310,597352,35,5,11,1,1,14,0,5,3,1,0,1,7,2,1,0,0,0,2,8.667,13,6,3,1,5,43,1,1,0,0,1,1,0,0,0,0,1,1,0,0,25,10,38,3,0,0,2,0,1,0,1.0
MBA,6349311,596851,21,7,4,2,0,6,0,3,9,1,0,1,12,0,0,0,2,0,5,7.0,8,4,4,2,11,32,4,0,0,0,0,2,0,0,0,0,0,7,0,0,20,4,24,0,0,0,2,1,0,0,1.0
MBA,6349311,596913,28,4,8,4,0,12,0,4,2,2,0,0,11,0,1,0,2,0,7,6.0,4,7,5,9,12,32,2,0,0,0,4,1,0,2,2,1,0,5,0,0,18,6,25,1,0,0,2,0,0,0,1.0
MBA,6349312,596739,19,4,2,0,0,2,0,4,6,3,1,1,5,0,0,0,4,0,2,7.0,7,2,2,1,13,29,0,0,0,1,0,0,0,0,0,0,0,3,0,0,21,5,26,0,0,0,1,0,0,0,1.0
MBA,6349312,596945,23,2,7,0,0,10,1,2,1,0,0,0,9,0,0,0,1,0,2,0.0,0,0,0,0,0,0,0,0,0,0,0,0,0,0,0,0,0,0,0,0,12,9,23,2,0,0,0,0,0,0,
MBA,6349313,597103,27,7,7,2,0,12,1,5,5,3,0,0,6,1,0,1,1,0,1,5.999,14,20,18,11,4,45,3,0,1,2,3,2,0,5,2,0,3,0,0,0,18,7,27,2,0,1,2,0,2,0,1.0
MBA,6349313,597173,29,20,14,3,0,23,2,17,11,2,3,0,4,1,0,0,2,0,0,7.001,7,7,5,5,6,35,2,0,0,1,0,3,0,6,3,0,0,1,0,0,19,6,27,2,0,0,1,0,3,0,1.0
MBA,6349315,8074556,23,7,5,4,0,9,0,5,8,3,1,0,5,0,0,1,0,0,1,7.0,5,6,5,11,8,37,1,0,0,0,1,1,1,0,0,1,0,2,0,2,20,6,29,3,0,0,3,0,0,0,1.0
MBA,6349317,597096,35,8,10,0,0,13,1,8,2,1,1,0,9,1,0,0,1,0,2,8.999,16,13,8,8,12,51,5,1,1,0,4,2,0,0,0,0,0,2,0,0,27,9,39,3,0,3,10,2,0,0,1.0
MBA,6349317,597124,41,13,16,5,1,23,0,8,8,2,0,0,12,0,2,0,10,0,2,9.0,10,8,8,2,9,39,0,0,0,1,2,1,0,0,0,0,1,2,0,0,27,5,32,0,0,0,1,0,2,0,1.0
MBA,6349318,596790,26,5,8,4,0,12,0,4,3,4,0,0,6,2,1,0,3,0,5,7.0,17,14,11,7,8,46,3,0,0,1,1,3,0,0,0,0,0,3,0,1,21,8,30,1,0,1,2,0,0,0,1.0
MBA,6349318,596802,36,14,17,3,0,23,1,13,7,3,0,0,8,0,1,1,2,0,3,7.0,8,5,4,3,7,34,4,0,0,0,4,4,0,0,0,0,0,5,0,0,21,8,30,1,0,0,3,1,5,0,1.0
MBA,6349320,596765,24,6,6,1,0,7,0,5,4,1,1,1,4,0,0,0,0,0,0,7.0,3,1,1,2,7,27,1,0,0,0,1,1,0,0,0,0,0,2,0,0,19,7,26,0,0,0,0,0,0,0,
MBA,6349320,596828,24,1,3,1,0,4,0,1,2,1,0,0,7,0,0,0,0,0,2,6.0,7,6,3,4,4,33,1,0,0,0,1,1,0,0,0,1,1,0,0,0,18,3,24,3,0,1,0,0,0,0,
MBA,6349322,596829,26,2,7,1,0,8,0,2,1,1,0,0,7,0,0,2,0,0,4,5.999,8,6,6,5,6,30,1,0,0,1,0,0,0,5,2,0,1,0,0,0,18,4,22,0,0,0,0,0,1,0,
MBA,6349322,596835,24,6,8,1,0,12,1,6,5,0,1,0,6,1,0,0,0,0,0,7.001,7,2,2,1,7,28,1,0,0,0,1,1,0,4,1,0,0,4,0,0,21,8,29,0,0,1,0,0,0,0,
MBA,6349324,596841,24,4,7,1,0,8,0,3,3,0,0,1,5,0,1,0,2,0,1,7.001,5,3,2,4,8,31,0,1,1,0,1,0,0,1,1,0,0,1,0,0,21,5,28,2,0,0,2,0,0,0,1.0
MBA,6349324,596907,27,3,5,0,1,7,0,1,4,0,0,0,8,0,0,0,2,0,1,6.0,7,4,3,3,5,28,1,0,2,0,2,0,0,1,0,1,0,1,0,0,18,7,26,1,0,1,2,1,0,0,1.0
MBA,6349325,596726,34,5,9,0,2,16,1,5,2,0,0,1,8,2,0,0,1,1,2,9.0,12,4,4,3,9,40,1,0,0,1,1,0,0,0,0,0,0,1,0,0,26,10,36,0,0,0,3,2,0,0,1.0
MBA,6349325,596878,37,4,12,1,0,16,1,4,3,0,0,0,9,0,2,0,3,0,1,8.668,9,5,3,2,8,37,0,2,0,1,0,0,1,0,0,1,0,2,0,0,22,9,32,1,0,0,1,0,6,0,1.0
MBA,6349326,596797,29,7,9,2,0,20,3,7,4,0,0,0,7,0,0,2,0,0,4,6.999,12,13,10,4,12,44,4,0,0,2,1,3,0,0,0,0,0,2,0,0,21,2,29,6,0,0,1,0,1,0,1.0
MBA,6349326,596900,37,13,12,4,0,22,2,13,4,3,0,0,12,1,0,0,1,0,2,5.0,7,5,5,3,5,25,2,0,0,2,0,0,0,0,0,0,0,4,0,0,18,5,23,0,0,0,0,0,0,0,
MBA,6349327,596812,28,4,5,3,0,11,1,3,6,1,1,1,6,1,0,1,0,0,1,9.0,7,2,1,0,5,35,1,1,0,0,0,0,0,0,0,3,0,1,0,1,27,6,36,3,0,0,2,0,2,0,1.0
MBA,6349327,596932,34,3,9,2,1,13,0,3,0,0,0,3,5,1,0,1,2,0,1,9.0,5,4,4,6,6,37,3,0,0,1,2,1,0,0,0,1,1,1,0,1,26,9,35,0,0,0,0,0,1,0,
MBA,6349329,596774,29,3,7,1,0,11,1,2,1,0,0,0,4,1,1,0,0,0,1,7.666,15,13,13,6,7,45,4,2,0,1,0,2,0,3,2,1,1,2,0,0,22,9,32,1,0,0,1,0,5,0,1.0
MBA,6349329,596775,35,13,15,4,2,26,1,13,6,2,1,1,7,2,0,0,1,0,2,8.0,7,3,3,1,4,30,1,0,0,1,0,0,0,0,0,0,0,1,0,0,23,13,37,1,0,0,0,1,3,0,0.0
MBA,6349330,596787,24,5,3,0,0,6,1,4,5,1,0,0,9,0,0,0,0,0,1,7.001,18,16,16,5,5,47,1,0,0,1,0,4,0,0,0,0,0,2,0,0,20,7,27,0,0,0,1,0,3,0,1.0
MBA,6349330,596928,38,16,18,1,0,22,1,16,5,4,0,0,5,1,0,0,1,0,2,7.0,3,5,3,5,9,30,0,0,0,1,2,1,0,0,0,0,0,1,0,0,21,3,25,1,0,0,0,0,0,0,
MBA,6349333,596730,22,6,4,1,0,5,0,4,4,4,0,0,8,0,0,0,2,0,3,7.0,6,2,2,4,10,30,1,0,0,1,0,0,0,0,0,0,0,3,0,0,21,5,26,0,0,0,0,1,0,0,0.0
MBA,6349333,596822,8,0,0,0,0,0,0,0,1,0,0,0,2,0,0,0,0,0,0,2.668,4,4,4,3,6,16,1,0,0,0,3,1,0,1,1,0,0,3,0,0,9,1,11,1,0,0,2,0,0,0,1.0
MBA,6349336,596873,31,13,13,3,1,18,0,12,4,0,0,0,1,0,0,1,3,0,1,7.0,6,2,2,2,4,29,1,0,0,0,0,1,0,2,1,0,0,1,0,0,19,12,31,0,0,0,2,0,2,0,1.0
MBA,6349336,596952,26,2,6,1,0,7,0,2,2,1,0,0,4,1,0,0,2,0,1,5.999,13,13,11,4,1,35,3,1,1,0,1,0,0,4,4,0,0,1,0,1,17,9,28,2,0,0,3,0,0,0,1.0
MBA,6349337,596768,22,4,6,1,1,12,1,2,2,1,0,0,5,1,1,0,1,0,1,7.0,6,3,2,0,2,27,0,0,0,0,0,0,0,0,0,1,0,1,0,0,21,5,27,1,0,2,1,1,0,0,0.0
MBA,6349337,596777,26,3,6,0,0,6,0,3,0,0,0,1,2,0,1,0,1,0,1,6.0,6,4,4,2,5,25,1,1,0,1,2,1,0,0,0,0,0,1,0,0,18,7,25,0,0,0,1,1,2,0,0.0
MBA,6349338,596846,28,2,10,1,0,11,0,1,1,0,0,0,6,3,0,0,0,0,2,7.0,9,4,4,1,2,31,2,0,0,0,0,1,0,0,0,2,2,0,0,0,21,7,29,1,0,0,0,0,4,0,
MBA,6349338,596854,25,4,9,2,0,11,0,4,1,1,2,2,2,2,0,0,0,0,0,7.0,10,2,2,1,6,29,1,0,0,0,0,0,0,0,0,0,0,2,0,0,20,11,32,1,0,0,0,0,9,0,
MBA,6349339,597100,31,17,12,1,1,18,1,15,8,2,1,0,6,0,1,0,1,0,3,7.0,9,8,8,8,4,38,2,0,0,0,1,1,0,0,0,0,0,0,0,0,20,9,30,1,0,0,2,0,3,0,1.0
MBA,6349339,597276,29,8,9,2,0,11,0,8,8,1,0,0,4,1,0,0,2,0,0,6.0,12,17,3,8,6,42,1,1,1,1,2,2,0,0,0,0,1,3,0,0,18,7,28,3,0,0,1,1,0,0,0.0
MBA,6355668,596799,31,1,7,1,1,13,1,1,2,2,0,1,6,2,0,0,0,0,1,8.0,6,3,3,3,5,35,3,0,0,0,2,3,0,0,0,2,0,3,0,0,24,9,33,0,0,0,1,1,0,0,0.0
MBA,6355668,596957,27,3,6,3,0,9,0,3,3,3,0,2,5,0,1,0,1,0,3,9.0,7,1,1,2,6,36,1,1,0,1,1,2,0,0,0,1,0,1,0,0,27,9,36,0,0,0,0,0,5,0,
MBA,6355911,596790,25,14,9,4,0,13,0,13,12,4,2,0,7,1,0,0,4,0,1,7.001,5,5,5,4,6,33,1,0,0,2,0,2,0,0,0,0,1,2,0,0,21,3,25,1,0,0,1,0,0,0,1.0
MBA,6355911,596802,26,5,5,1,0,12,2,5,4,2,1,0,6,0,0,0,1,0,2,6.0,9,14,12,12,7,43,4,0,0,0,4,4,0,0,0,0,2,1,0,0,18,8,26,0,0,1,4,0,3,0,1.0
MBA,6356435,596722,36,11,8,0,0,14,2,10,3,4,2,0,17,0,1,0,4,0,4,10.0,10,13,11,8,12,55,1,0,0,3,1,6,0,0,0,0,1,4,0,0,30,6,40,4,1,0,4,0,0,0,1.0
MBA,6356435,596779,39,13,10,1,0,20,3,13,8,6,1,0,12,0,0,0,4,0,4,10.0,8,11,5,3,17,45,0,0,0,2,1,4,0,0,0,0,2,4,0,0,30,5,36,1,0,0,4,1,0,0,1.0
MBA,6356717,596734,32,9,15,4,0,22,1,10,4,0,4,1,2,1,1,0,1,1,1,9.0,12,7,7,6,11,46,3,0,0,0,3,2,0,0,0,1,0,2,0,0,21,5,26,0,0,0,3,1,0,0,1.0
MBA,6356717,596791,37,7,12,3,0,15,0,6,6,2,0,1,11,0,1,0,3,0,2,8.999,17,12,11,5,4,46,5,0,0,1,2,0,1,0,0,1,4,1,0,0,27,16,43,0,0,0,1,1,2,0,0.0
MBA,6356874,596869,35,4,11,3,0,14,0,3,5,0,0,1,6,4,0,0,1,0,1,9.0,9,5,5,2,7,41,1,1,0,1,0,2,0,3,3,1,1,1,0,0,25,9,35,1,0,0,0,0,0,0,
MBA,6356874,596882,35,5,9,1,1,15,1,5,2,2,1,1,7,0,0,0,0,0,1,9.0,11,4,3,5,6,41,3,0,0,0,0,0,0,1,0,1,0,1,0,0,27,15,44,2,0,0,1,0,10,0,1.0
MBA,6356908,596825,32,4,5,2,0,10,1,4,1,1,1,0,8,1,0,0,0,0,3,9.0,15,15,14,6,7,49,3,0,0,6,0,2,0,1,1,0,1,3,0,0,27,6,34,1,0,0,0,0,3,0,
MBA,6356908,596866,40,15,15,3,0,36,6,14,6,2,1,0,7,1,0,0,0,0,3,9.0,5,4,3,1,8,35,2,0,0,1,0,1,0,0,0,0,1,3,0,0,27,10,39,2,0,0,0,0,3,0,
MBA,6356933,596733,33,11,13,2,2,22,1,10,5,0,1,0,10,0,1,0,3,0,2,9.0,15,8,8,2,8,43,2,0,0,1,4,0,0,0,0,0,1,1,0,0,27,4,31,0,0,0,0,0,0,0,
MBA,6356933,596799,40,8,15,2,0,20,1,7,2,0,1,0,8,0,0,0,0,0,1,8.0,13,11,11,5,10,39,2,2,0,1,1,0,0,0,0,0,1,2,0,0,24,8,33,1,0,0,3,1,0,0,1.0
MBA,6356940,596803,35,6,12,1,0,16,1,6,3,1,2,0,10,0,0,1,1,0,1,8.001000000000001,8,7,5,4,9,35,4,0,0,0,3,0,0,2,2,0,0,5,0,0,24,8,34,2,0,0,1,0,3,0,1.0
MBA,6356940,596957,31,7,8,4,0,12,0,5,4,0,0,0,9,1,0,0,1,0,5,9.0,12,6,5,3,10,41,1,0,0,1,0,1,0,5,2,0,2,1,0,1,27,10,37,0,0,0,1,0,0,0,1.0
MBA,6357198,596869,30,7,5,0,0,8,1,5,4,2,0,0,5,0,0,0,3,0,2,9.0,10,2,2,3,8,41,7,0,0,0,2,1,0,0,0,0,0,4,0,0,26,7,35,2,0,0,0,0,0,0,
MBA,6357198,596882,37,2,10,7,0,17,0,2,3,1,0,0,8,0,0,0,0,0,4,8.001000000000001,5,7,4,4,5,36,0,0,0,1,0,2,0,1,0,0,0,2,0,0,24,5,32,3,0,0,3,0,0,0,1.0
MBA,6357294,596782,27,1,3,2,0,5,0,1,1,3,0,0,9,0,0,0,0,0,1,9.0,5,0,0,2,9,37,1,0,0,0,0,2,0,0,0,1,0,2,0,0,26,6,33,1,0,0,0,0,0,0,
MBA,6357294,596809,32,0,5,1,0,6,0,0,2,2,0,1,9,0,0,0,0,0,2,8.0,3,1,1,1,9,31,2,0,0,0,2,3,0,0,0,0,0,1,0,0,24,8,32,0,0,0,0,0,0,0,
MBA,6357462,596741,24,3,8,3,0,11,0,3,1,0,1,0,0,1,1,0,1,0,0,6.0,13,9,4,2,6,36,2,1,0,0,2,0,0,2,2,0,0,2,0,0,18,8,29,3,0,1,2,0,0,0,1.0
MBA,6357462,596868,34,9,13,2,1,17,0,7,2,0,0,0,6,0,1,0,2,0,2,6.999,9,4,4,1,1,30,3,0,0,0,0,0,0,2,1,0,1,1,0,0,20,8,29,1,0,0,1,1,2,0,0.0
MBA,6357603,596835,28,11,9,2,1,16,1,10,5,5,0,0,4,1,0,0,3,0,2,7.001,6,6,6,7,9,35,4,0,0,0,1,2,0,0,0,0,1,5,0,0,21,4,26,1,0,0,5,0,0,0,1.0
MBA,6357603,596954,25,6,6,4,0,10,0,6,7,2,1,0,9,0,1,1,5,0,5,6.0,9,11,11,5,4,38,2,1,0,1,1,5,0,3,0,0,0,2,0,0,18,7,26,1,0,0,3,0,3,0,1.0
MBA,6357617,596835,27,8,12,3,0,18,1,7,7,0,0,0,4,3,0,0,0,0,4,7.0,10,5,5,4,6,34,2,0,0,0,0,0,0,4,1,0,0,2,0,0,21,7,28,0,0,0,1,0,5,0,1.0
MBA,6357617,596954,30,5,10,2,0,12,0,4,4,0,0,0,6,2,0,0,1,0,2,6.0,12,8,7,7,4,34,3,0,0,1,4,0,0,3,0,0,0,4,0,0,18,6,25,1,0,0,0,0,7,0,
MBA,6357836,596957,34,12,12,3,0,15,0,12,10,4,0,1,4,0,2,0,0,0,3,9.0,4,1,1,4,6,32,0,0,0,0,1,0,0,0,0,0,0,1,0,0,26,9,35,0,0,0,2,0,3,0,1.0
MBA,6357836,596961,25,1,4,0,0,4,0,1,4,0,0,0,5,1,0,0,2,0,1,7.0,12,12,11,10,4,46,3,0,0,0,0,4,0,0,0,1,0,3,0,0,21,8,29,0,0,0,0,2,0,0,0.0
MBA,6357920,596760,38,20,17,6,0,26,1,18,8,10,1,0,6,2,1,0,3,0,3,9.0,3,2,2,6,14,38,1,0,0,0,0,2,0,0,0,0,0,5,0,0,26,3,30,1,0,0,0,0,0,0,
MBA,6357920,596783,24,2,3,1,0,4,0,2,4,1,0,0,11,0,0,0,0,0,5,6.997,17,20,17,6,5,52,6,0,0,1,1,10,0,0,0,0,1,2,0,0,18,6,26,2,0,0,3,1,4,0,1.0
MBA,6357931,596957,30,13,13,6,0,22,1,12,6,5,0,0,3,1,1,0,1,0,2,7.0,9,7,7,2,9,31,2,1,0,1,2,1,0,0,0,1,1,3,0,1,21,5,26,0,0,0,2,0,0,0,1.0
MBA,6357931,596961,26,6,9,2,1,16,1,7,1,1,1,1,9,0,0,1,2,0,3,5.667,12,12,12,6,3,39,6,0,0,0,2,4,0,0,0,0,0,2,0,0,18,6,26,2,0,0,1,1,3,0,0.0
MBA,6357934,596851,26,6,8,3,1,13,0,3,3,3,0,2,3,0,0,0,1,0,1,7.0,10,5,5,2,7,33,1,0,0,0,1,0,0,1,1,0,1,2,0,0,21,7,29,1,0,0,1,1,0,0,0.0
MBA,6357934,596913,30,5,10,1,0,11,0,5,2,0,1,0,7,0,1,0,1,0,2,6.001,8,6,5,3,3,34,3,1,0,0,1,3,0,1,0,2,0,1,0,0,18,7,26,1,0,0,1,0,0,0,1.0
MBA,6357936,596803,32,9,11,3,0,17,1,5,5,3,1,0,3,0,1,0,3,0,2,9.0,11,3,3,2,14,39,2,0,0,0,0,1,0,0,0,0,0,5,0,0,27,5,32,0,0,1,0,1,4,0,0.0
MBA,6357936,596879,29,2,10,1,0,11,0,2,2,1,0,0,12,1,1,0,0,0,5,8.001,13,10,10,5,3,46,4,0,0,1,6,3,0,3,2,0,1,2,0,0,18,5,24,1,0,0,0,0,0,0,
MBA,6357940,596755,21,3,5,3,0,8,0,3,3,0,1,0,3,1,0,0,0,1,0,3.0010000000000003,3,3,3,3,3,16,1,0,1,0,2,1,0,0,0,0,1,2,0,0,15,2,17,0,0,0,2,0,2,0,1.0
MBA,6357940,596827,25,5,7,2,0,9,0,4,4,1,1,0,5,1,0,0,2,0,2,7.0,5,4,0,3,6,31,3,0,0,0,0,0,1,0,0,1,1,1,0,0,21,6,31,4,0,0,0,0,3,0,
MBA,6357944,596937,28,2,3,1,0,4,0,1,2,1,0,0,7,1,0,1,0,0,2,8.999,8,6,6,0,8,36,1,0,0,3,2,3,0,2,2,0,0,5,0,1,27,8,35,0,0,0,0,0,2,0,
MBA,6357944,596974,33,6,8,1,0,18,3,6,0,3,0,0,8,1,0,1,0,0,5,9.0,3,2,1,2,7,31,1,0,0,0,0,1,0,1,0,0,0,2,0,1,26,13,40,1,0,1,0,0,3,0,
MBA,6357951,596851,26,10,11,1,0,12,0,9,4,4,2,0,2,1,1,0,1,0,0,7.0,5,4,1,2,7,30,3,0,0,0,0,2,0,0,0,0,0,2,0,1,21,6,27,0,0,1,0,0,0,0,
MBA,6357951,596913,26,4,5,3,0,8,0,4,2,2,0,0,7,0,0,1,0,0,2,6.0,11,10,9,4,2,36,1,0,0,0,2,4,0,2,2,0,2,0,0,0,18,7,26,1,0,0,1,1,3,0,0.0
MBA,6357956,596760,28,12,9,2,0,14,1,11,2,8,0,0,6,0,1,0,6,0,3,7.0,6,0,0,3,13,30,2,0,0,0,0,0,0,0,0,0,0,2,0,0,20,5,26,1,0,0,0,0,0,0,
MBA,6357956,596783,21,0,4,1,0,5,0,0,2,0,0,0,13,1,0,0,0,0,2,4.999,9,12,8,2,4,35,2,0,0,1,2,8,0,0,0,0,0,2,0,0,13,2,18,3,0,0,6,1,0,0,1.0
MBA,6357996,596799,45,18,18,5,0,32,3,18,8,5,0,0,12,0,1,0,1,0,4,9.0,13,10,10,3,8,42,2,1,0,3,0,0,0,6,4,1,0,0,0,0,27,7,34,0,0,1,4,1,0,0,1.0
MBA,6357996,596961,38,10,13,2,1,26,3,10,3,0,0,1,8,0,1,0,4,0,0,6.999,16,16,15,5,11,47,5,0,0,2,3,5,0,9,6,0,0,3,0,0,27,11,41,3,0,0,1,1,0,0,0.0
MBA,6358002,596760,29,14,7,3,0,10,0,13,12,7,1,0,4,0,0,0,10,0,1,8.998999999999999,15,9,9,6,8,48,2,0,1,0,3,2,0,0,0,1,1,3,0,0,27,14,43,2,0,0,2,1,3,0,1.0
MBA,6358002,596783,30,9,12,2,0,14,0,6,6,0,1,1,7,1,1,0,1,0,3,7.0,6,12,12,11,3,43,2,0,0,0,2,6,0,0,0,0,1,1,0,0,20,7,28,1,0,0,10,0,0,0,1.0
MBA,6358003,596797,28,6,7,1,0,14,2,6,5,3,0,1,5,0,2,0,2,0,2,9.0,6,1,1,3,10,37,2,0,0,0,0,3,0,0,0,0,0,2,0,0,27,8,35,0,0,0,0,1,2,0,0.0
MBA,6358003,596900,31,1,6,2,0,8,0,1,3,3,0,0,10,1,1,0,0,0,2,8.0,7,6,6,5,5,37,1,0,0,2,1,3,0,0,0,1,0,2,0,0,24,8,32,0,0,0,2,1,0,0,1.0
MBA,6358010,596792,34,14,10,1,0,14,1,11,7,1,1,0,3,1,0,0,2,0,2,7.001,7,2,2,3,8,31,0,1,0,0,1,0,0,0,0,0,0,3,0,0,21,4,25,0,0,0,2,0,0,0,1.0
MBA,6358010,596885,28,2,7,0,1,9,0,2,3,0,0,0,8,0,0,0,2,0,3,7.0,10,14,6,7,3,43,1,0,0,1,2,1,0,0,0,0,1,2,0,0,20,7,32,5,0,0,2,0,2,0,1.0
MBA,6358027,596774,31,13,14,0,0,17,1,12,8,2,1,1,5,1,0,0,1,0,1,7.0,3,0,0,1,4,25,1,0,0,0,0,0,0,0,0,0,0,2,0,0,21,8,29,0,0,1,0,0,0,0,
MBA,6358027,596775,24,0,3,1,0,4,0,0,1,0,0,0,4,0,0,0,0,0,2,7.0,14,13,12,8,5,43,0,0,0,1,2,2,0,9,7,1,1,1,0,0,21,10,31,0,0,1,1,0,3,0,1.0
MBA,6358041,596765,24,6,6,1,0,7,0,5,4,1,1,1,4,0,0,0,0,0,0,7.0,3,1,1,2,7,27,1,0,0,0,1,1,0,0,0,0,0,2,0,0,19,7,26,0,0,0,0,0,0,0,
MBA,6358041,596828,24,1,3,1,0,4,0,1,2,1,0,0,7,0,0,0,0,0,2,6.0,7,6,3,4,4,33,1,0,0,0,1,1,0,0,0,1,1,0,0,0,18,3,24,3,0,1,0,0,0,0,
MBA,6358052,596836,32,6,10,3,0,16,1,6,2,1,0,0,7,1,0,0,0,0,1,6.0,6,7,7,5,4,32,1,1,0,1,1,3,0,3,3,0,0,2,0,0,18,3,23,2,0,0,4,1,0,0,1.0
MBA,6358052,596880,24,7,6,1,1,12,1,6,5,3,0,0,4,0,1,0,4,0,2,6.999,10,6,4,2,7,35,3,0,0,1,1,1,0,4,1,0,0,1,0,0,21,6,28,1,0,2,0,0,3,0,
MBA,6358057,596792,43,11,15,1,0,16,0,8,2,4,0,0,5,1,0,0,3,0,1,7.999,9,7,7,7,5,41,2,0,0,0,3,1,1,0,0,0,1,1,0,0,26,13,40,1,0,0,2,0,3,0,1.0
MBA,6358057,596885,36,7,10,3,0,13,0,6,7,1,1,0,6,1,0,0,2,1,1,9.001000000000001,15,11,9,2,5,49,1,0,0,0,3,4,0,0,0,0,0,1,0,0,27,13,42,2,0,3,3,0,2,0,1.0
MBA,6358064,596840,24,7,8,2,0,10,0,7,2,1,0,1,5,0,0,0,4,0,0,7.0,8,4,4,2,10,33,2,0,0,1,0,1,0,0,0,0,0,2,0,0,19,5,24,0,0,0,2,0,0,0,1.0
MBA,6358064,596866,30,4,8,2,0,13,1,4,2,1,0,0,10,0,0,0,2,0,2,6.0,8,7,7,3,5,31,2,0,0,0,0,1,0,3,3,1,0,0,0,0,17,5,23,1,0,0,4,0,0,0,1.0
MBA,6358065,596769,27,4,8,0,0,11,1,4,3,0,1,1,4,0,0,0,1,0,1,6.998,18,21,13,8,2,52,3,1,0,3,0,3,0,0,0,0,1,0,0,0,21,8,33,4,0,1,0,0,3,0,
MBA,6358065,596832,40,21,18,3,1,32,3,20,8,3,1,0,2,1,0,0,0,0,0,7.0,8,4,3,3,4,32,0,0,0,1,0,0,0,0,0,1,1,1,0,0,21,12,35,2,0,1,1,0,0,0,1.0
MBA,6358066,596769,29,3,10,1,0,14,1,3,3,0,0,0,2,2,0,0,0,0,0,7.001,16,17,5,5,7,44,2,0,0,2,0,1,0,0,0,0,0,0,0,0,21,11,36,4,0,1,1,0,3,0,1.0
MBA,6358066,596832,38,17,16,2,0,24,2,17,5,1,0,0,7,1,0,0,1,0,0,7.0,10,3,3,3,2,32,1,0,0,1,0,0,0,0,0,0,0,0,0,0,20,7,27,0,0,1,0,0,5,0,
MBA,6358070,596769,29,3,10,1,0,14,1,3,3,0,0,0,2,2,0,0,0,0,0,7.001,16,17,5,5,7,44,2,0,0,2,0,1,0,0,0,0,0,0,0,0,21,11,36,4,0,1,1,0,3,0,1.0
MBA,6358070,596832,38,17,16,2,0,24,2,17,5,1,0,0,7,1,0,0,1,0,0,7.0,10,3,3,3,2,32,1,0,0,1,0,0,0,0,0,0,0,0,0,0,20,7,27,0,0,1,0,0,5,0,
MBA,6358086,596836,28,8,8,1,1,17,2,8,3,2,0,0,7,1,0,0,2,0,1,6.0,18,19,12,9,3,47,3,0,0,2,2,1,1,5,3,0,1,1,0,0,18,6,26,2,0,0,0,0,3,0,
MBA,6358086,596880,36,19,18,3,0,27,2,18,9,1,1,0,3,1,0,0,0,1,1,7.0,8,8,6,3,7,35,1,1,0,2,0,2,0,1,0,0,0,1,0,0,20,5,28,3,1,0,0,0,2,0,
MBA,6358095,596772,34,7,9,0,0,9,0,6,6,1,1,1,8,0,0,0,1,0,4,9.0,9,5,5,5,2,42,1,0,0,1,0,2,0,0,0,0,1,0,0,0,27,9,37,1,0,0,0,0,5,0,
MBA,6358095,596963,33,4,8,1,0,12,1,5,5,2,1,0,2,2,0,0,0,0,0,9.0,9,7,7,6,8,43,0,0,0,0,0,1,0,0,0,1,1,4,0,0,27,6,33,0,0,2,1,0,0,0,1.0
MBA,6358096,596772,23,1,5,1,0,6,0,1,4,0,1,0,1,2,0,0,1,0,0,6.0,7,8,8,6,3,33,0,0,0,0,1,3,0,0,0,0,2,1,0,0,18,6,26,2,0,0,7,2,0,0,1.0
MBA,6358096,596963,22,8,7,0,0,7,0,7,6,3,2,0,3,0,2,0,7,0,1,7.0,5,1,1,4,1,28,1,0,0,0,0,0,0,0,0,0,1,0,0,0,18,9,27,0,0,0,1,0,2,0,1.0
